日期,假日名稱
2024/01/06,週末
2024/01/07,週末
2024/01/13,週末
2024/01/14,週末
2024/01/20,週末
2024/01/21,週末
2024/01/27,週末
2024/01/28,週末
2024/02/03,週末
2024/02/04,週末
2024/02/10,週末
2024/02/11,週末
2024/02/17,週末
2024/02/18,週末
2024/02/24,週末
2024/02/25,週末
2024/03/02,週末
2024/03/03,週末
2024/03/09,週末
2024/03/10,週末
2024/03/16,週末
2024/03/17,週末
2024/03/23,週末
2024/03/24,週末
2024/03/30,週末
2024/03/31,週末
2024/04/06,週末
2024/04/07,週末
2024/04/13,週末
2024/04/14,週末
2024/04/20,週末
2024/04/21,週末
2024/04/27,週末
2024/04/28,週末
2024/05/04,週末
2024/05/05,週末
2024/05/11,週末
2024/05/12,週末
2024/05/18,週末
2024/05/19,週末
2024/05/25,週末
2024/05/26,週末
2024/06/01,週末
2024/06/02,週末
2024/06/08,週末
2024/06/09,週末
2024/06/15,週末
2024/06/16,週末
2024/06/22,週末
2024/06/23,週末
2024/06/29,週末
2024/06/30,週末
2024/07/06,週末
2024/07/07,週末
2024/07/13,週末
2024/07/14,週末
2024/07/20,週末
2024/07/21,週末
2024/07/27,週末
2024/07/28,週末
2024/08/03,週末
2024/08/04,週末
2024/08/10,週末
2024/08/11,週末
2024/08/17,週末
2024/08/18,週末
2024/08/24,週末
2024/08/25,週末
2024/08/31,週末
2024/09/01,週末
2024/09/07,週末
2024/09/08,週末
2024/09/14,週末
2024/09/15,週末
2024/09/21,週末
2024/09/22,週末
2024/09/28,週末
2024/09/29,週末
2024/10/05,週末
2024/10/06,週末
2024/10/12,週末
2024/10/13,週末
2024/10/19,週末
2024/10/20,週末
2024/10/26,週末
2024/10/27,週末
2024/11/02,週末
2024/11/03,週末
2024/11/09,週末
2024/11/10,週末
2024/11/16,週末
2024/11/17,週末
2024/11/23,週末
2024/11/24,週末
2024/11/30,週末
2024/12/01,週末
2024/12/07,週末
2024/12/08,週末
2024/12/14,週末
2024/12/15,週末
2024/12/21,週末
2024/12/22,週末
2024/12/28,週末
2024/12/29,週末
