日期,星期
2021/1/4,星期一
2021/1/5,星期二
2021/1/6,星期三
2021/1/7,星期四
2021/1/8,星期五
2021/1/11,星期一
2021/1/12,星期二
2021/1/13,星期三
2021/1/14,星期四
2021/1/15,星期五
2021/1/18,星期一
2021/1/19,星期二
2021/1/20,星期三
2021/1/21,星期四
2021/1/22,星期五
2021/1/25,星期一
2021/1/26,星期二
2021/1/27,星期三
2021/1/28,星期四
2021/1/29,星期五
2021/2/1,星期一
2021/2/2,星期二
2021/2/3,星期三
2021/2/4,星期四
2021/2/5,星期五
2021/2/17,星期三
2021/2/18,星期四
2021/2/19,星期五
2021/2/22,星期一
2021/2/23,星期二
2021/2/24,星期三
2021/2/25,星期四
2021/2/26,星期五
2021/3/2,星期二
2021/3/3,星期三
2021/3/4,星期四
2021/3/5,星期五
2021/3/8,星期一
2021/3/9,星期二
2021/3/10,星期三
2021/3/11,星期四
2021/3/12,星期五
2021/3/15,星期一
2021/3/16,星期二
2021/3/17,星期三
2021/3/18,星期四
2021/3/19,星期五
2021/3/22,星期一
2021/3/23,星期二
2021/3/24,星期三
2021/3/25,星期四
2021/3/26,星期五
2021/3/29,星期一
2021/3/30,星期二
2021/3/31,星期三
2021/4/1,星期四
2021/4/6,星期二
2021/4/7,星期三
2021/4/8,星期四
2021/4/9,星期五
2021/4/12,星期一
2021/4/13,星期二
2021/4/14,星期三
2021/4/15,星期四
2021/4/16,星期五
2021/4/19,星期一
2021/4/20,星期二
2021/4/21,星期三
2021/4/22,星期四
2021/4/23,星期五
2021/4/26,星期一
2021/4/27,星期二
2021/4/28,星期三
2021/4/29,星期四
2021/5/3,星期一
2021/5/4,星期二
2021/5/5,星期三
2021/5/6,星期四
2021/5/7,星期五
2021/5/10,星期一
2021/5/11,星期二
2021/5/12,星期三
2021/5/13,星期四
2021/5/14,星期五
2021/5/17,星期一
2021/5/18,星期二
2021/5/19,星期三
2021/5/20,星期四
2021/5/21,星期五
2021/5/24,星期一
2021/5/25,星期二
2021/5/26,星期三
2021/5/27,星期四
2021/5/28,星期五
2021/5/31,星期一
2021/6/1,星期二
2021/6/2,星期三
2021/6/3,星期四
2021/6/4,星期五
2021/6/7,星期一
2021/6/8,星期二
2021/6/9,星期三
2021/6/10,星期四
2021/6/11,星期五
2021/6/15,星期二
2021/6/16,星期三
2021/6/17,星期四
2021/6/18,星期五
2021/6/21,星期一
2021/6/22,星期二
2021/6/23,星期三
2021/6/24,星期四
2021/6/25,星期五
2021/6/28,星期一
2021/6/29,星期二
2021/6/30,星期三
2021/7/1,星期四
2021/7/2,星期五
2021/7/5,星期一
2021/7/6,星期二
2021/7/7,星期三
2021/7/8,星期四
2021/7/9,星期五
2021/7/12,星期一
2021/7/13,星期二
2021/7/14,星期三
2021/7/15,星期四
2021/7/16,星期五
2021/7/19,星期一
2021/7/20,星期二
2021/7/21,星期三
2021/7/22,星期四
2021/7/23,星期五
2021/7/26,星期一
2021/7/27,星期二
2021/7/28,星期三
2021/7/29,星期四
2021/7/30,星期五
2021/8/2,星期一
2021/8/3,星期二
2021/8/4,星期三
2021/8/5,星期四
2021/8/6,星期五
2021/8/9,星期一
2021/8/10,星期二
2021/8/11,星期三
2021/8/12,星期四
2021/8/13,星期五
2021/8/16,星期一
2021/8/17,星期二
2021/8/18,星期三
2021/8/19,星期四
2021/8/20,星期五
2021/8/23,星期一
2021/8/24,星期二
2021/8/25,星期三
2021/8/26,星期四
2021/8/27,星期五
2021/8/30,星期一
2021/8/31,星期二
2021/9/1,星期三
2021/9/2,星期四
2021/9/3,星期五
2021/9/6,星期一
2021/9/7,星期二
2021/9/8,星期三
2021/9/9,星期四
2021/9/10,星期五
2021/9/13,星期一
2021/9/14,星期二
2021/9/15,星期三
2021/9/16,星期四
2021/9/17,星期五
2021/9/22,星期三
2021/9/23,星期四
2021/9/24,星期五
2021/9/27,星期一
2021/9/28,星期二
2021/9/29,星期三
2021/9/30,星期四
2021/10/1,星期五
2021/10/4,星期一
2021/10/5,星期二
2021/10/6,星期三
2021/10/7,星期四
2021/10/8,星期五
2021/10/12,星期二
2021/10/13,星期三
2021/10/14,星期四
2021/10/15,星期五
2021/10/18,星期一
2021/10/19,星期二
2021/10/20,星期三
2021/10/21,星期四
2021/10/22,星期五
2021/10/25,星期一
2021/10/26,星期二
2021/10/27,星期三
2021/10/28,星期四
2021/10/29,星期五
2021/11/1,星期一
2021/11/2,星期二
2021/11/3,星期三
2021/11/4,星期四
2021/11/5,星期五
2021/11/8,星期一
2021/11/9,星期二
2021/11/10,星期三
2021/11/11,星期四
2021/11/12,星期五
2021/11/15,星期一
2021/11/16,星期二
2021/11/17,星期三
2021/11/18,星期四
2021/11/19,星期五
2021/11/22,星期一
2021/11/23,星期二
2021/11/24,星期三
2021/11/25,星期四
2021/11/26,星期五
2021/11/29,星期一
2021/11/30,星期二
2021/12/1,星期三
2021/12/2,星期四
2021/12/3,星期五
2021/12/6,星期一
2021/12/7,星期二
2021/12/8,星期三
2021/12/9,星期四
2021/12/10,星期五
2021/12/13,星期一
2021/12/14,星期二
2021/12/15,星期三
2021/12/16,星期四
2021/12/17,星期五
2021/12/20,星期一
2021/12/21,星期二
2021/12/22,星期三
2021/12/23,星期四
2021/12/24,星期五
2021/12/27,星期一
2021/12/28,星期二
2021/12/29,星期三
2021/12/30,星期四
2022/1/3,星期一
2022/1/4,星期二
2022/1/5,星期三
2022/1/6,星期四
2022/1/7,星期五
2022/1/10,星期一
2022/1/11,星期二
2022/1/12,星期三
2022/1/13,星期四
2022/1/14,星期五
2022/1/17,星期一
2022/1/18,星期二
2022/1/19,星期三
2022/1/20,星期四
2022/1/21,星期五
2022/1/24,星期一
2022/1/25,星期二
2022/1/26,星期三
2022/2/7,星期一
2022/2/8,星期二
2022/2/9,星期三
2022/2/10,星期四
2022/2/11,星期五
2022/2/14,星期一
2022/2/15,星期二
2022/2/16,星期三
2022/2/17,星期四
2022/2/18,星期五
2022/2/21,星期一
2022/2/22,星期二
2022/2/23,星期三
2022/2/24,星期四
2022/2/25,星期五
2022/3/1,星期二
2022/3/2,星期三
2022/3/3,星期四
2022/3/4,星期五
2022/3/7,星期一
2022/3/8,星期二
2022/3/9,星期三
2022/3/10,星期四
2022/3/11,星期五
2022/3/14,星期一
2022/3/15,星期二
2022/3/16,星期三
2022/3/17,星期四
2022/3/18,星期五
2022/3/21,星期一
2022/3/22,星期二
2022/3/23,星期三
2022/3/24,星期四
2022/3/25,星期五
2022/3/28,星期一
2022/3/29,星期二
2022/3/30,星期三
2022/3/31,星期四
2022/4/1,星期五
2022/4/6,星期三
2022/4/7,星期四
2022/4/8,星期五
2022/4/11,星期一
2022/4/12,星期二
2022/4/13,星期三
2022/4/14,星期四
2022/4/15,星期五
2022/4/18,星期一
2022/4/19,星期二
2022/4/20,星期三
2022/4/21,星期四
2022/4/22,星期五
2022/4/25,星期一
2022/4/26,星期二
2022/4/27,星期三
2022/4/28,星期四
2022/4/29,星期五
2022/5/3,星期二
2022/5/4,星期三
2022/5/5,星期四
2022/5/6,星期五
2022/5/9,星期一
2022/5/10,星期二
2022/5/11,星期三
2022/5/12,星期四
2022/5/13,星期五
2022/5/16,星期一
2022/5/17,星期二
2022/5/18,星期三
2022/5/19,星期四
2022/5/20,星期五
2022/5/23,星期一
2022/5/24,星期二
2022/5/25,星期三
2022/5/26,星期四
2022/5/27,星期五
2022/5/30,星期一
2022/5/31,星期二
2022/6/1,星期三
2022/6/2,星期四
2022/6/6,星期一
2022/6/7,星期二
2022/6/8,星期三
2022/6/9,星期四
2022/6/10,星期五
2022/6/13,星期一
2022/6/14,星期二
2022/6/15,星期三
2022/6/16,星期四
2022/6/17,星期五
2022/6/20,星期一
2022/6/21,星期二
2022/6/22,星期三
2022/6/23,星期四
2022/6/24,星期五
2022/6/27,星期一
2022/6/28,星期二
2022/6/29,星期三
2022/6/30,星期四
2022/7/1,星期五
2022/7/4,星期一
2022/7/5,星期二
2022/7/6,星期三
2022/7/7,星期四
2022/7/8,星期五
2022/7/11,星期一
2022/7/12,星期二
2022/7/13,星期三
2022/7/14,星期四
2022/7/15,星期五
2022/7/18,星期一
2022/7/19,星期二
2022/7/20,星期三
2022/7/21,星期四
2022/7/22,星期五
2022/7/25,星期一
2022/7/26,星期二
2022/7/27,星期三
2022/7/28,星期四
2022/7/29,星期五
2022/8/1,星期一
2022/8/2,星期二
2022/8/3,星期三
2022/8/4,星期四
2022/8/5,星期五
2022/8/8,星期一
2022/8/9,星期二
2022/8/10,星期三
2022/8/11,星期四
2022/8/12,星期五
2022/8/15,星期一
2022/8/16,星期二
2022/8/17,星期三
2022/8/18,星期四
2022/8/19,星期五
2022/8/22,星期一
2022/8/23,星期二
2022/8/24,星期三
2022/8/25,星期四
2022/8/26,星期五
2022/8/29,星期一
2022/8/30,星期二
2022/8/31,星期三
2022/9/1,星期四
2022/9/2,星期五
2022/9/5,星期一
2022/9/6,星期二
2022/9/7,星期三
2022/9/8,星期四
2022/9/12,星期一
2022/9/13,星期二
2022/9/14,星期三
2022/9/15,星期四
2022/9/16,星期五
2022/9/19,星期一
2022/9/20,星期二
2022/9/21,星期三
2022/9/22,星期四
2022/9/23,星期五
2022/9/26,星期一
2022/9/27,星期二
2022/9/28,星期三
2022/9/29,星期四
2022/9/30,星期五
2022/10/3,星期一
2022/10/4,星期二
2022/10/5,星期三
2022/10/6,星期四
2022/10/7,星期五
2022/10/11,星期二
2022/10/12,星期三
2022/10/13,星期四
2022/10/14,星期五
2022/10/17,星期一
2022/10/18,星期二
2022/10/19,星期三
2022/10/20,星期四
2022/10/21,星期五
2022/10/24,星期一
2022/10/25,星期二
2022/10/26,星期三
2022/10/27,星期四
2022/10/28,星期五
2022/10/31,星期一
2022/11/1,星期二
2022/11/2,星期三
2022/11/3,星期四
2022/11/4,星期五
2022/11/7,星期一
2022/11/8,星期二
2022/11/9,星期三
2022/11/10,星期四
2022/11/11,星期五
2022/11/14,星期一
2022/11/15,星期二
2022/11/16,星期三
2022/11/17,星期四
2022/11/18,星期五
2022/11/21,星期一
2022/11/22,星期二
2022/11/23,星期三
2022/11/24,星期四
2022/11/25,星期五
2022/11/28,星期一
2022/11/29,星期二
2022/11/30,星期三
2022/12/1,星期四
2022/12/2,星期五
2022/12/5,星期一
2022/12/6,星期二
2022/12/7,星期三
2022/12/8,星期四
2022/12/9,星期五
2022/12/12,星期一
2022/12/13,星期二
2022/12/14,星期三
2022/12/15,星期四
2022/12/16,星期五
2022/12/19,星期一
2022/12/20,星期二
2022/12/21,星期三
2022/12/22,星期四
2022/12/23,星期五
2022/12/26,星期一
2022/12/27,星期二
2022/12/28,星期三
2022/12/29,星期四
2022/12/30,星期五
2023/1/3,星期二
2023/1/4,星期三
2023/1/5,星期四
2023/1/6,星期五
2023/1/9,星期一
2023/1/10,星期二
2023/1/11,星期三
2023/1/12,星期四
2023/1/13,星期五
2023/1/16,星期一
2023/1/17,星期二
2023/1/30,星期一
2023/1/31,星期二
2023/2/1,星期三
2023/2/2,星期四
2023/2/3,星期五
2023/2/6,星期一
2023/2/7,星期二
2023/2/8,星期三
2023/2/9,星期四
2023/2/10,星期五
2023/2/13,星期一
2023/2/14,星期二
2023/2/15,星期三
2023/2/16,星期四
2023/2/17,星期五
2023/2/20,星期一
2023/2/21,星期二
2023/2/22,星期三
2023/2/23,星期四
2023/2/24,星期五
2023/3/1,星期三
2023/3/2,星期四
2023/3/3,星期五
2023/3/6,星期一
2023/3/7,星期二
2023/3/8,星期三
2023/3/9,星期四
2023/3/10,星期五
2023/3/13,星期一
2023/3/14,星期二
2023/3/15,星期三
2023/3/16,星期四
2023/3/17,星期五
2023/3/20,星期一
2023/3/21,星期二
2023/3/22,星期三
2023/3/23,星期四
2023/3/24,星期五
2023/3/27,星期一
2023/3/28,星期二
2023/3/29,星期三
2023/3/30,星期四
2023/3/31,星期五
2023/4/6,星期四
2023/4/7,星期五
2023/4/10,星期一
2023/4/11,星期二
2023/4/12,星期三
2023/4/13,星期四
2023/4/14,星期五
2023/4/17,星期一
2023/4/18,星期二
2023/4/19,星期三
2023/4/20,星期四
2023/4/21,星期五
2023/4/24,星期一
2023/4/25,星期二
2023/4/26,星期三
2023/4/27,星期四
2023/4/28,星期五
2023/5/2,星期二
2023/5/3,星期三
2023/5/4,星期四
2023/5/5,星期五
2023/5/8,星期一
2023/5/9,星期二
2023/5/10,星期三
2023/5/11,星期四
2023/5/12,星期五
2023/5/15,星期一
2023/5/16,星期二
2023/5/17,星期三
2023/5/18,星期四
2023/5/19,星期五
2023/5/22,星期一
2023/5/23,星期二
2023/5/24,星期三
2023/5/25,星期四
2023/5/26,星期五
2023/5/29,星期一
2023/5/30,星期二
2023/5/31,星期三
2023/6/1,星期四
2023/6/2,星期五
2023/6/5,星期一
2023/6/6,星期二
2023/6/7,星期三
2023/6/8,星期四
2023/6/9,星期五
2023/6/12,星期一
2023/6/13,星期二
2023/6/14,星期三
2023/6/15,星期四
2023/6/16,星期五
2023/6/19,星期一
2023/6/20,星期二
2023/6/21,星期三
2023/6/26,星期一
2023/6/27,星期二
2023/6/28,星期三
2023/6/29,星期四
2023/6/30,星期五
2023/7/3,星期一
2023/7/4,星期二
2023/7/5,星期三
2023/7/6,星期四
2023/7/7,星期五
2023/7/10,星期一
2023/7/11,星期二
2023/7/12,星期三
2023/7/13,星期四
2023/7/14,星期五
2023/7/17,星期一
2023/7/18,星期二
2023/7/19,星期三
2023/7/20,星期四
2023/7/21,星期五
2023/7/24,星期一
2023/7/25,星期二
2023/7/26,星期三
2023/7/27,星期四
2023/7/28,星期五
2023/7/31,星期一
2023/8/1,星期二
2023/8/2,星期三
2023/8/3,星期四
2023/8/4,星期五
2023/8/7,星期一
2023/8/8,星期二
2023/8/9,星期三
2023/8/10,星期四
2023/8/11,星期五
2023/8/14,星期一
2023/8/15,星期二
2023/8/16,星期三
2023/8/17,星期四
2023/8/18,星期五
2023/8/21,星期一
2023/8/22,星期二
2023/8/23,星期三
2023/8/24,星期四
2023/8/25,星期五
2023/8/28,星期一
2023/8/29,星期二
2023/8/30,星期三
2023/8/31,星期四
2023/9/1,星期五
2023/9/4,星期一
2023/9/5,星期二
2023/9/6,星期三
2023/9/7,星期四
2023/9/8,星期五
2023/9/11,星期一
2023/9/12,星期二
2023/9/13,星期三
2023/9/14,星期四
2023/9/15,星期五
2023/9/18,星期一
2023/9/19,星期二
2023/9/20,星期三
2023/9/21,星期四
2023/9/22,星期五
2023/9/25,星期一
2023/9/26,星期二
2023/9/27,星期三
2023/9/28,星期四
2023/10/2,星期一
2023/10/3,星期二
2023/10/4,星期三
2023/10/5,星期四
2023/10/6,星期五
2023/10/11,星期三
2023/10/12,星期四
2023/10/13,星期五
2023/10/16,星期一
2023/10/17,星期二
2023/10/18,星期三
2023/10/19,星期四
2023/10/20,星期五
2023/10/23,星期一
2023/10/24,星期二
2023/10/25,星期三
2023/10/26,星期四
2023/10/27,星期五
2023/10/30,星期一
2023/10/31,星期二
2023/11/1,星期三
2023/11/2,星期四
2023/11/3,星期五
2023/11/6,星期一
2023/11/7,星期二
2023/11/8,星期三
2023/11/9,星期四
2023/11/10,星期五
2023/11/13,星期一
2023/11/14,星期二
2023/11/15,星期三
2023/11/16,星期四
2023/11/17,星期五
2023/11/20,星期一
2023/11/21,星期二
2023/11/22,星期三
2023/11/23,星期四
2023/11/24,星期五
2023/11/27,星期一
2023/11/28,星期二
2023/11/29,星期三
2023/11/30,星期四
2023/12/1,星期五
2023/12/4,星期一
2023/12/5,星期二
2023/12/6,星期三
2023/12/7,星期四
2023/12/8,星期五
2023/12/11,星期一
2023/12/12,星期二
2023/12/13,星期三
2023/12/14,星期四
2023/12/15,星期五
2023/12/18,星期一
2023/12/19,星期二
2023/12/20,星期三
2023/12/21,星期四
2023/12/22,星期五
2023/12/25,星期一
2023/12/26,星期二
2023/12/27,星期三
2023/12/28,星期四
2023/12/29,星期五
2024/1/2,星期二
2024/1/3,星期三
2024/1/4,星期四
2024/1/5,星期五
2024/1/8,星期一
2024/1/9,星期二
2024/1/10,星期三
2024/1/11,星期四
2024/1/12,星期五
2024/1/15,星期一
2024/1/16,星期二
2024/1/17,星期三
2024/1/18,星期四
2024/1/19,星期五
2024/1/22,星期一
2024/1/23,星期二
2024/1/24,星期三
2024/1/25,星期四
2024/1/26,星期五
2024/1/29,星期一
2024/1/30,星期二
2024/1/31,星期三
2024/2/1,星期四
2024/2/2,星期五
2024/2/5,星期一
2024/2/15,星期四
2024/2/16,星期五
2024/2/19,星期一
2024/2/20,星期二
2024/2/21,星期三
2024/2/22,星期四
2024/2/23,星期五
2024/2/26,星期一
2024/2/27,星期二
2024/2/29,星期四
2024/3/1,星期五
2024/3/4,星期一
2024/3/5,星期二
2024/3/6,星期三
2024/3/7,星期四
2024/3/8,星期五
2024/3/11,星期一
2024/3/12,星期二
2024/3/13,星期三
2024/3/14,星期四
2024/3/15,星期五
2024/3/18,星期一
2024/3/19,星期二
2024/3/20,星期三
2024/3/21,星期四
2024/3/22,星期五
2024/3/25,星期一
2024/3/26,星期二
2024/3/27,星期三
2024/3/28,星期四
2024/3/29,星期五
2024/4/1,星期一
2024/4/2,星期二
2024/4/3,星期三
2024/4/8,星期一
2024/4/9,星期二
2024/4/10,星期三
2024/4/11,星期四
2024/4/12,星期五
2024/4/15,星期一
2024/4/16,星期二
2024/4/17,星期三
2024/4/18,星期四
2024/4/19,星期五
2024/4/22,星期一
2024/4/23,星期二
2024/4/24,星期三
2024/4/25,星期四
2024/4/26,星期五
2024/4/29,星期一
2024/4/30,星期二
2024/5/2,星期四
2024/5/3,星期五
2024/5/6,星期一
2024/5/7,星期二
2024/5/8,星期三
2024/5/9,星期四
2024/5/10,星期五
2024/5/13,星期一
2024/5/14,星期二
2024/5/15,星期三
2024/5/16,星期四
2024/5/17,星期五
2024/5/20,星期一
2024/5/21,星期二
2024/5/22,星期三
2024/5/23,星期四
2024/5/24,星期五
2024/5/27,星期一
2024/5/28,星期二
2024/5/29,星期三
2024/5/30,星期四
2024/5/31,星期五
2024/6/3,星期一
2024/6/4,星期二
2024/6/5,星期三
2024/6/6,星期四
2024/6/7,星期五
2024/6/11,星期二
2024/6/12,星期三
2024/6/13,星期四
2024/6/14,星期五
2024/6/17,星期一
2024/6/18,星期二
2024/6/19,星期三
2024/6/20,星期四
2024/6/21,星期五
2024/6/24,星期一
2024/6/25,星期二
2024/6/26,星期三
2024/6/27,星期四
2024/6/28,星期五
2024/7/1,星期一
2024/7/2,星期二
2024/7/3,星期三
2024/7/4,星期四
2024/7/5,星期五
2024/7/8,星期一
2024/7/9,星期二
2024/7/10,星期三
2024/7/11,星期四
2024/7/12,星期五
2024/7/15,星期一
2024/7/16,星期二
2024/7/17,星期三
2024/7/18,星期四
2024/7/19,星期五
2024/7/22,星期一
2024/7/23,星期二
2024/7/24,星期三
2024/7/25,星期四
2024/7/26,星期五
2024/7/29,星期一
2024/7/30,星期二
2024/7/31,星期三
2024/8/1,星期四
2024/8/2,星期五
2024/8/5,星期一
2024/8/6,星期二
2024/8/7,星期三
2024/8/8,星期四
2024/8/9,星期五
2024/8/12,星期一
2024/8/13,星期二
2024/8/14,星期三
2024/8/15,星期四
2024/8/16,星期五
2024/8/19,星期一
2024/8/20,星期二
2024/8/21,星期三
2024/8/22,星期四
2024/8/23,星期五
2024/8/26,星期一
2024/8/27,星期二
2024/8/28,星期三
2024/8/29,星期四
2024/8/30,星期五
2024/9/2,星期一
2024/9/3,星期二
2024/9/4,星期三
2024/9/5,星期四
2024/9/6,星期五
2024/9/9,星期一
2024/9/10,星期二
2024/9/11,星期三
2024/9/12,星期四
2024/9/13,星期五
2024/9/16,星期一
2024/9/18,星期三
2024/9/19,星期四
2024/9/20,星期五
2024/9/23,星期一
2024/9/24,星期二
2024/9/25,星期三
2024/9/26,星期四
2024/9/27,星期五
2024/9/30,星期一
2024/10/1,星期二
2024/10/2,星期三
2024/10/3,星期四
2024/10/4,星期五
2024/10/7,星期一
2024/10/8,星期二
2024/10/9,星期三
2024/10/11,星期五
2024/10/14,星期一
2024/10/15,星期二
2024/10/16,星期三
2024/10/17,星期四
2024/10/18,星期五
2024/10/21,星期一
2024/10/22,星期二
2024/10/23,星期三
2024/10/24,星期四
2024/10/25,星期五
2024/10/28,星期一
2024/10/29,星期二
2024/10/30,星期三
2024/10/31,星期四
2024/11/1,星期五
2024/11/4,星期一
2024/11/5,星期二
2024/11/6,星期三
2024/11/7,星期四
2024/11/8,星期五
2024/11/11,星期一
2024/11/12,星期二
2024/11/13,星期三
2024/11/14,星期四
2024/11/15,星期五
2024/11/18,星期一
2024/11/19,星期二
2024/11/20,星期三
2024/11/21,星期四
2024/11/22,星期五
2024/11/25,星期一
2024/11/26,星期二
2024/11/27,星期三
2024/11/28,星期四
2024/11/29,星期五
2024/12/2,星期一
2024/12/3,星期二
2024/12/4,星期三
2024/12/5,星期四
2024/12/6,星期五
2024/12/9,星期一
2024/12/10,星期二
2024/12/11,星期三
2024/12/12,星期四
2024/12/13,星期五
2024/12/16,星期一
2024/12/17,星期二
2024/12/18,星期三
2024/12/19,星期四
2024/12/20,星期五
2024/12/23,星期一
2024/12/24,星期二
2024/12/25,星期三
2024/12/26,星期四
2024/12/27,星期五
2024/12/30,星期一
2024/12/31,星期二
2025/1/2,星期四
2025/1/3,星期五
2025/1/6,星期一
2025/1/7,星期二
2025/1/8,星期三
2025/1/9,星期四
2025/1/10,星期五
2025/1/13,星期一
2025/1/14,星期二
2025/1/15,星期三
2025/1/16,星期四
2025/1/17,星期五
2025/1/20,星期一
2025/1/21,星期二
2025/1/22,星期三
2025/2/3,星期一
2025/2/4,星期二
2025/2/5,星期三
2025/2/6,星期四
2025/2/7,星期五
2025/2/10,星期一
2025/2/11,星期二
2025/2/12,星期三
2025/2/13,星期四
2025/2/14,星期五
2025/2/17,星期一
2025/2/18,星期二
2025/2/19,星期三
2025/2/20,星期四
2025/2/21,星期五
2025/2/24,星期一
2025/2/25,星期二
2025/2/26,星期三
2025/2/27,星期四
2025/3/3,星期一
2025/3/4,星期二
2025/3/5,星期三
2025/3/6,星期四
2025/3/7,星期五
2025/3/10,星期一
2025/3/11,星期二
2025/3/12,星期三
2025/3/13,星期四
2025/3/14,星期五
2025/3/17,星期一
2025/3/18,星期二
2025/3/19,星期三
2025/3/20,星期四
2025/3/21,星期五
2025/3/24,星期一
2025/3/25,星期二
2025/3/26,星期三
2025/3/27,星期四
2025/3/28,星期五
2025/3/31,星期一
2025/4/1,星期二
2025/4/2,星期三
2025/4/7,星期一
2025/4/8,星期二
2025/4/9,星期三
2025/4/10,星期四
2025/4/11,星期五
2025/4/14,星期一
2025/4/15,星期二
2025/4/16,星期三
2025/4/17,星期四
2025/4/18,星期五
2025/4/21,星期一
2025/4/22,星期二
2025/4/23,星期三
2025/4/24,星期四
2025/4/25,星期五
2025/4/28,星期一
2025/4/29,星期二
2025/4/30,星期三
2025/5/2,星期五
2025/5/5,星期一
2025/5/6,星期二
2025/5/7,星期三
2025/5/8,星期四
2025/5/9,星期五
2025/5/12,星期一
2025/5/13,星期二
2025/5/14,星期三
2025/5/15,星期四
2025/5/16,星期五
2025/5/19,星期一
2025/5/20,星期二
2025/5/21,星期三
2025/5/22,星期四
2025/5/23,星期五
2025/5/26,星期一
2025/5/27,星期二
2025/5/28,星期三
2025/5/29,星期四
2025/6/2,星期一
2025/6/3,星期二
2025/6/4,星期三
2025/6/5,星期四
2025/6/6,星期五
2025/6/9,星期一
2025/6/10,星期二
2025/6/11,星期三
2025/6/12,星期四
2025/6/13,星期五
2025/6/16,星期一
2025/6/17,星期二
2025/6/18,星期三
2025/6/19,星期四
2025/6/20,星期五
2025/6/23,星期一
2025/6/24,星期二
2025/6/25,星期三
2025/6/26,星期四
2025/6/27,星期五
2025/6/30,星期一
2025/7/1,星期二
2025/7/2,星期三
2025/7/3,星期四
2025/7/4,星期五
2025/7/7,星期一
2025/7/8,星期二
2025/7/9,星期三
2025/7/10,星期四
2025/7/11,星期五
2025/7/14,星期一
2025/7/15,星期二
2025/7/16,星期三
2025/7/17,星期四
2025/7/18,星期五
2025/7/21,星期一
2025/7/22,星期二
2025/7/23,星期三
2025/7/24,星期四
2025/7/25,星期五
2025/7/28,星期一
2025/7/29,星期二
2025/7/30,星期三
2025/7/31,星期四
2025/8/1,星期五
2025/8/4,星期一
2025/8/5,星期二
2025/8/6,星期三
2025/8/7,星期四
2025/8/8,星期五
2025/8/11,星期一
2025/8/12,星期二
2025/8/13,星期三
2025/8/14,星期四
2025/8/15,星期五
2025/8/18,星期一
2025/8/19,星期二
2025/8/20,星期三
2025/8/21,星期四
2025/8/22,星期五
2025/8/25,星期一
2025/8/26,星期二
2025/8/27,星期三
2025/8/28,星期四
2025/8/29,星期五
2025/9/1,星期一
2025/9/2,星期二
2025/9/3,星期三
2025/9/4,星期四
2025/9/5,星期五
2025/9/8,星期一
2025/9/9,星期二
2025/9/10,星期三
2025/9/11,星期四
2025/9/12,星期五
2025/9/15,星期一
2025/9/16,星期二
2025/9/17,星期三
2025/9/18,星期四
2025/9/19,星期五
2025/9/22,星期一
2025/9/23,星期二
2025/9/24,星期三
2025/9/25,星期四
2025/9/26,星期五
2025/9/30,星期二
2025/10/1,星期三
2025/10/2,星期四
2025/10/3,星期五
2025/10/7,星期二
2025/10/8,星期三
2025/10/9,星期四
2025/10/13,星期一
2025/10/14,星期二
2025/10/15,星期三
2025/10/16,星期四
2025/10/17,星期五
2025/10/20,星期一
2025/10/21,星期二
2025/10/22,星期三
2025/10/23,星期四
2025/10/27,星期一
2025/10/28,星期二
2025/10/29,星期三
2025/10/30,星期四
2025/10/31,星期五
2025/11/3,星期一
2025/11/4,星期二
2025/11/5,星期三
2025/11/6,星期四
2025/11/7,星期五
2025/11/10,星期一
2025/11/11,星期二
2025/11/12,星期三
2025/11/13,星期四
2025/11/14,星期五
2025/11/17,星期一
2025/11/18,星期二
2025/11/19,星期三
2025/11/20,星期四
2025/11/21,星期五
2025/11/24,星期一
2025/11/25,星期二
2025/11/26,星期三
2025/11/27,星期四
2025/11/28,星期五
2025/12/1,星期一
2025/12/2,星期二
2025/12/3,星期三
2025/12/4,星期四
2025/12/5,星期五
2025/12/8,星期一
2025/12/9,星期二
2025/12/10,星期三
2025/12/11,星期四
2025/12/12,星期五
2025/12/15,星期一
2025/12/16,星期二
2025/12/17,星期三
2025/12/18,星期四
2025/12/19,星期五
2025/12/22,星期一
2025/12/23,星期二
2025/12/24,星期三
2025/12/26,星期五
2025/12/29,星期一
2025/12/30,星期二
2025/12/31,星期三
2026/1/2,星期五
2026/1/5,星期一
2026/1/6,星期二
2026/1/7,星期三
2026/1/8,星期四
2026/1/9,星期五
2026/1/12,星期一
2026/1/13,星期二
2026/1/14,星期三
2026/1/15,星期四
2026/1/16,星期五
2026/1/19,星期一
2026/1/20,星期二
2026/1/21,星期三
2026/1/22,星期四
2026/1/23,星期五
2026/1/26,星期一
2026/1/27,星期二
2026/1/28,星期三
2026/1/29,星期四
2026/1/30,星期五
2026/2/2,星期一
2026/2/3,星期二
2026/2/4,星期三
2026/2/5,星期四
2026/2/6,星期五
2026/2/9,星期一
2026/2/10,星期二
2026/2/11,星期三
2026/2/24,星期二
2026/2/25,星期三
2026/2/26,星期四
2026/3/2,星期一
2026/3/3,星期二
2026/3/4,星期三
2026/3/5,星期四
2026/3/6,星期五
2026/3/9,星期一
2026/3/10,星期二
2026/3/11,星期三
2026/3/12,星期四
2026/3/13,星期五
2026/3/16,星期一
2026/3/17,星期二
2026/3/18,星期三
2026/3/19,星期四
2026/3/20,星期五
2026/3/23,星期一
2026/3/24,星期二
2026/3/25,星期三
2026/3/26,星期四
2026/3/27,星期五
2026/3/30,星期一
2026/3/31,星期二
2026/4/1,星期三
2026/4/2,星期四
2026/4/7,星期二
2026/4/8,星期三
2026/4/9,星期四
2026/4/10,星期五
2026/4/13,星期一
2026/4/14,星期二
2026/4/15,星期三
2026/4/16,星期四
2026/4/17,星期五
2026/4/20,星期一
2026/4/21,星期二
2026/4/22,星期三
2026/4/23,星期四
2026/4/24,星期五
2026/4/27,星期一
2026/4/28,星期二
2026/4/29,星期三
2026/4/30,星期四
2026/5/4,星期一
2026/5/5,星期二
2026/5/6,星期三
2026/5/7,星期四
2026/5/8,星期五
2026/5/11,星期一
2026/5/12,星期二
2026/5/13,星期三
2026/5/14,星期四
2026/5/15,星期五
2026/5/18,星期一
2026/5/19,星期二
2026/5/20,星期三
2026/5/21,星期四
2026/5/22,星期五
2026/5/25,星期一
2026/5/26,星期二
2026/5/27,星期三
2026/5/28,星期四
2026/5/29,星期五
2026/6/1,星期一
2026/6/2,星期二
2026/6/3,星期三
2026/6/4,星期四
2026/6/5,星期五
2026/6/8,星期一
2026/6/9,星期二
2026/6/10,星期三
2026/6/11,星期四
2026/6/12,星期五
2026/6/15,星期一
2026/6/16,星期二
2026/6/17,星期三
2026/6/18,星期四
2026/6/22,星期一
2026/6/23,星期二
2026/6/24,星期三
2026/6/25,星期四
2026/6/26,星期五
2026/6/29,星期一
2026/6/30,星期二
2026/7/1,星期三
2026/7/2,星期四
2026/7/3,星期五
2026/7/6,星期一
2026/7/7,星期二
2026/7/8,星期三
2026/7/9,星期四
2026/7/10,星期五
2026/7/13,星期一
2026/7/14,星期二
2026/7/15,星期三
2026/7/16,星期四
2026/7/17,星期五
2026/7/20,星期一
2026/7/21,星期二
2026/7/22,星期三
2026/7/23,星期四
2026/7/24,星期五
2026/7/27,星期一
2026/7/28,星期二
2026/7/29,星期三
2026/7/30,星期四
2026/7/31,星期五
2026/8/3,星期一
2026/8/4,星期二
2026/8/5,星期三
2026/8/6,星期四
2026/8/7,星期五
2026/8/10,星期一
2026/8/11,星期二
2026/8/12,星期三
2026/8/13,星期四
2026/8/14,星期五
2026/8/17,星期一
2026/8/18,星期二
2026/8/19,星期三
2026/8/20,星期四
2026/8/21,星期五
2026/8/24,星期一
2026/8/25,星期二
2026/8/26,星期三
2026/8/27,星期四
2026/8/28,星期五
2026/8/31,星期一
2026/9/1,星期二
2026/9/2,星期三
2026/9/3,星期四
2026/9/4,星期五
2026/9/7,星期一
2026/9/8,星期二
2026/9/9,星期三
2026/9/10,星期四
2026/9/11,星期五
2026/9/14,星期一
2026/9/15,星期二
2026/9/16,星期三
2026/9/17,星期四
2026/9/18,星期五
2026/9/21,星期一
2026/9/22,星期二
2026/9/23,星期三
2026/9/24,星期四
2026/9/29,星期二
2026/9/30,星期三
2026/10/1,星期四
2026/10/2,星期五
2026/10/5,星期一
2026/10/6,星期二
2026/10/7,星期三
2026/10/8,星期四
2026/10/12,星期一
2026/10/13,星期二
2026/10/14,星期三
2026/10/15,星期四
2026/10/16,星期五
2026/10/19,星期一
2026/10/20,星期二
2026/10/21,星期三
2026/10/22,星期四
2026/10/23,星期五
2026/10/27,星期二
2026/10/28,星期三
2026/10/29,星期四
2026/10/30,星期五
2026/11/2,星期一
2026/11/3,星期二
2026/11/4,星期三
2026/11/5,星期四
2026/11/6,星期五
2026/11/9,星期一
2026/11/10,星期二
2026/11/11,星期三
2026/11/12,星期四
2026/11/13,星期五
2026/11/16,星期一
2026/11/17,星期二
2026/11/18,星期三
2026/11/19,星期四
2026/11/20,星期五
2026/11/23,星期一
2026/11/24,星期二
2026/11/25,星期三
2026/11/26,星期四
2026/11/27,星期五
2026/11/30,星期一
2026/12/1,星期二
2026/12/2,星期三
2026/12/3,星期四
2026/12/4,星期五
2026/12/7,星期一
2026/12/8,星期二
2026/12/9,星期三
2026/12/10,星期四
2026/12/11,星期五
2026/12/14,星期一
2026/12/15,星期二
2026/12/16,星期三
2026/12/17,星期四
2026/12/18,星期五
2026/12/21,星期一
2026/12/22,星期二
2026/12/23,星期三
2026/12/24,星期四
2026/12/28,星期一
2026/12/29,星期二
2026/12/30,星期三
2026/12/31,星期四
