日期,星期
2025-11-27,星期四
2025-11-28,星期五
2025-12-01,星期一
2025-12-02,星期二
2025-12-03,星期三
2025-12-04,星期四
2025-12-05,星期五
2025-12-08,星期一
2025-12-09,星期二
2025-12-10,星期三
2025-12-11,星期四
2025-12-12,星期五
2025-12-15,星期一
2025-12-16,星期二
2025-12-17,星期三
2025-12-18,星期四
2025-12-19,星期五
2025-12-22,星期一
2025-12-23,星期二
2025-12-24,星期三
2025-12-26,星期五
2025-12-29,星期一
2025-12-30,星期二
2025-12-31,星期三
2026-01-02,星期五
2026-01-05,星期一
2026-01-06,星期二
2026-01-07,星期三
2026-01-08,星期四
2026-01-09,星期五
2026-01-12,星期一
2026-01-13,星期二
2026-01-14,星期三
2026-01-15,星期四
2026-01-16,星期五
2026-01-19,星期一
2026-01-20,星期二
2026-01-21,星期三
2026-01-22,星期四
2026-01-23,星期五
2026-01-26,星期一
2026-01-27,星期二
2026-01-28,星期三
2026-01-29,星期四
2026-01-30,星期五
2026-02-02,星期一
2026-02-03,星期二
2026-02-04,星期三
2026-02-05,星期四
2026-02-06,星期五
2026-02-09,星期一
2026-02-10,星期二
2026-02-11,星期三
2026-02-24,星期二
2026-02-25,星期三
2026-02-26,星期四
2026-03-02,星期一
2026-03-03,星期二
2026-03-04,星期三
2026-03-05,星期四
2026-03-06,星期五
2026-03-09,星期一
2026-03-10,星期二
2026-03-11,星期三
2026-03-12,星期四
2026-03-13,星期五
2026-03-16,星期一
2026-03-17,星期二
2026-03-18,星期三
2026-03-19,星期四
2026-03-20,星期五
2026-03-23,星期一
2026-03-24,星期二
2026-03-25,星期三
2026-03-26,星期四
2026-03-27,星期五
2026-03-30,星期一
2026-03-31,星期二
2026-04-01,星期三
2026-04-02,星期四
2026-04-07,星期二
2026-04-08,星期三
2026-04-09,星期四
2026-04-10,星期五
2026-04-13,星期一
2026-04-14,星期二
2026-04-15,星期三
2026-04-16,星期四
2026-04-17,星期五
2026-04-20,星期一
2026-04-21,星期二
2026-04-22,星期三
2026-04-23,星期四
2026-04-24,星期五
2026-04-27,星期一
2026-04-28,星期二
2026-04-29,星期三
2026-04-30,星期四
2026-05-04,星期一
2026-05-05,星期二
2026-05-06,星期三
2026-05-07,星期四
2026-05-08,星期五
2026-05-11,星期一
2026-05-12,星期二
2026-05-13,星期三
2026-05-14,星期四
2026-05-15,星期五
2026-05-18,星期一
2026-05-19,星期二
2026-05-20,星期三
2026-05-21,星期四
2026-05-22,星期五
2026-05-25,星期一
2026-05-26,星期二
2026-05-27,星期三
2026-05-28,星期四
2026-05-29,星期五
2026-06-01,星期一
2026-06-02,星期二
2026-06-03,星期三
2026-06-04,星期四
2026-06-05,星期五
2026-06-08,星期一
2026-06-09,星期二
2026-06-10,星期三
2026-06-11,星期四
2026-06-12,星期五
2026-06-15,星期一
2026-06-16,星期二
2026-06-17,星期三
2026-06-18,星期四
2026-06-22,星期一
2026-06-23,星期二
2026-06-24,星期三
2026-06-25,星期四
2026-06-26,星期五
2026-06-29,星期一
2026-06-30,星期二
2026-07-01,星期三
2026-07-02,星期四
2026-07-03,星期五
2026-07-06,星期一
2026-07-07,星期二
2026-07-08,星期三
2026-07-09,星期四
2026-07-10,星期五
2026-07-13,星期一
2026-07-14,星期二
2026-07-15,星期三
2026-07-16,星期四
2026-07-17,星期五
2026-07-20,星期一
2026-07-21,星期二
2026-07-22,星期三
2026-07-23,星期四
2026-07-24,星期五
2026-07-27,星期一
2026-07-28,星期二
2026-07-29,星期三
2026-07-30,星期四
2026-07-31,星期五
2026-08-03,星期一
2026-08-04,星期二
2026-08-05,星期三
2026-08-06,星期四
2026-08-07,星期五
2026-08-10,星期一
2026-08-11,星期二
2026-08-12,星期三
2026-08-13,星期四
2026-08-14,星期五
2026-08-17,星期一
2026-08-18,星期二
2026-08-19,星期三
2026-08-20,星期四
2026-08-21,星期五
2026-08-24,星期一
2026-08-25,星期二
2026-08-26,星期三
2026-08-27,星期四
2026-08-28,星期五
2026-08-31,星期一
2026-09-01,星期二
2026-09-02,星期三
2026-09-03,星期四
2026-09-04,星期五
2026-09-07,星期一
2026-09-08,星期二
2026-09-09,星期三
2026-09-10,星期四
2026-09-11,星期五
2026-09-14,星期一
2026-09-15,星期二
2026-09-16,星期三
2026-09-17,星期四
2026-09-18,星期五
2026-09-21,星期一
2026-09-22,星期二
2026-09-23,星期三
2026-09-24,星期四
2026-09-29,星期二
2026-09-30,星期三
2026-10-01,星期四
2026-10-02,星期五
2026-10-05,星期一
2026-10-06,星期二
2026-10-07,星期三
2026-10-08,星期四
2026-10-12,星期一
2026-10-13,星期二
2026-10-14,星期三
2026-10-15,星期四
2026-10-16,星期五
2026-10-19,星期一
2026-10-20,星期二
2026-10-21,星期三
2026-10-22,星期四
2026-10-23,星期五
2026-10-27,星期二
2026-10-28,星期三
2026-10-29,星期四
2026-10-30,星期五
2026-11-02,星期一
2026-11-03,星期二
2026-11-04,星期三
2026-11-05,星期四
2026-11-06,星期五
2026-11-09,星期一
2026-11-10,星期二
2026-11-11,星期三
2026-11-12,星期四
2026-11-13,星期五
2026-11-16,星期一
2026-11-17,星期二
2026-11-18,星期三
2026-11-19,星期四
2026-11-20,星期五
2026-11-23,星期一
2026-11-24,星期二
2026-11-25,星期三
2026-11-26,星期四
2026-11-27,星期五
2026-11-30,星期一
2026-12-01,星期二
2026-12-02,星期三
2026-12-03,星期四
2026-12-04,星期五
2026-12-07,星期一
2026-12-08,星期二
2026-12-09,星期三
2026-12-10,星期四
2026-12-11,星期五
2026-12-14,星期一
2026-12-15,星期二
2026-12-16,星期三
2026-12-17,星期四
2026-12-18,星期五
2026-12-21,星期一
2026-12-22,星期二
2026-12-23,星期三
2026-12-24,星期四
2026-12-28,星期一
2026-12-29,星期二
2026-12-30,星期三
2026-12-31,星期四
