日期,假日名稱
2026/01/03,週末
2026/01/04,週末
2026/01/10,週末
2026/01/11,週末
2026/01/17,週末
2026/01/18,週末
2026/01/24,週末
2026/01/25,週末
2026/01/31,週末
2026/02/01,週末
2026/02/07,週末
2026/02/08,週末
2026/02/14,週末
2026/02/15,週末
2026/02/21,週末
2026/02/22,週末
2026/02/28,週末
2026/03/01,週末
2026/03/07,週末
2026/03/08,週末
2026/03/14,週末
2026/03/15,週末
2026/03/21,週末
2026/03/22,週末
2026/03/28,週末
2026/03/29,週末
2026/04/04,週末
2026/04/05,週末
2026/04/11,週末
2026/04/12,週末
2026/04/18,週末
2026/04/19,週末
2026/04/25,週末
2026/04/26,週末
2026/05/02,週末
2026/05/03,週末
2026/05/09,週末
2026/05/10,週末
2026/05/16,週末
2026/05/17,週末
2026/05/23,週末
2026/05/24,週末
2026/05/30,週末
2026/05/31,週末
2026/06/06,週末
2026/06/07,週末
2026/06/13,週末
2026/06/14,週末
2026/06/20,週末
2026/06/21,週末
2026/06/27,週末
2026/06/28,週末
2026/07/04,週末
2026/07/05,週末
2026/07/11,週末
2026/07/12,週末
2026/07/18,週末
2026/07/19,週末
2026/07/25,週末
2026/07/26,週末
2026/08/01,週末
2026/08/02,週末
2026/08/08,週末
2026/08/09,週末
2026/08/15,週末
2026/08/16,週末
2026/08/22,週末
2026/08/23,週末
2026/08/29,週末
2026/08/30,週末
2026/09/05,週末
2026/09/06,週末
2026/09/12,週末
2026/09/13,週末
2026/09/19,週末
2026/09/20,週末
2026/09/26,週末
2026/09/27,週末
2026/10/03,週末
2026/10/04,週末
2026/10/10,週末
2026/10/11,週末
2026/10/17,週末
2026/10/18,週末
2026/10/24,週末
2026/10/25,週末
2026/10/31,週末
2026/11/01,週末
2026/11/07,週末
2026/11/08,週末
2026/11/14,週末
2026/11/15,週末
2026/11/21,週末
2026/11/22,週末
2026/11/28,週末
2026/11/29,週末
2026/12/05,週末
2026/12/06,週末
2026/12/12,週末
2026/12/13,週末
2026/12/19,週末
2026/12/20,週末
2026/12/26,週末
2026/12/27,週末
