日期,假日名稱,星期
2021/01/01,,星期五
2021/01/02,週末,
2021/01/03,週末,
2021/01/04,,星期一
2021/01/05,,星期二
2021/01/06,,星期三
2021/01/07,,星期四
2021/01/08,,星期五
2021/01/09,週末,
2021/01/10,週末,
2021/01/11,,星期一
2021/01/12,,星期二
2021/01/13,,星期三
2021/01/14,,星期四
2021/01/15,,星期五
2021/01/16,週末,
2021/01/17,週末,
2021/01/18,,星期一
2021/01/19,,星期二
2021/01/20,,星期三
2021/01/21,,星期四
2021/01/22,,星期五
2021/01/23,週末,
2021/01/24,週末,
2021/01/25,,星期一
2021/01/26,,星期二
2021/01/27,,星期三
2021/01/28,,星期四
2021/01/29,,星期五
2021/01/30,週末,
2021/01/31,週末,
2021/02/01,,星期一
2021/02/02,,星期二
2021/02/03,,星期三
2021/02/04,,星期四
2021/02/05,,星期五
2021/02/06,週末,
2021/02/07,週末,
2021/02/08,,星期一
2021/02/09,,星期二
2021/02/10,,星期三
2021/02/11,,星期四
2021/02/12,,星期五
2021/02/13,週末,
2021/02/14,週末,
2021/02/15,,星期一
2021/02/16,,星期二
2021/02/17,,星期三
2021/02/18,,星期四
2021/02/19,,星期五
2021/02/20,週末,
2021/02/21,週末,
2021/02/22,,星期一
2021/02/23,,星期二
2021/02/24,,星期三
2021/02/25,,星期四
2021/02/26,,星期五
2021/02/27,週末,
2021/02/28,週末,
2021/03/01,,星期一
2021/03/02,,星期二
2021/03/03,,星期三
2021/03/04,,星期四
2021/03/05,,星期五
2021/03/06,週末,
2021/03/07,週末,
2021/03/08,,星期一
2021/03/09,,星期二
2021/03/10,,星期三
2021/03/11,,星期四
2021/03/12,,星期五
2021/03/13,週末,
2021/03/14,週末,
2021/03/15,,星期一
2021/03/16,,星期二
2021/03/17,,星期三
2021/03/18,,星期四
2021/03/19,,星期五
2021/03/20,週末,
2021/03/21,週末,
2021/03/22,,星期一
2021/03/23,,星期二
2021/03/24,,星期三
2021/03/25,,星期四
2021/03/26,,星期五
2021/03/27,週末,
2021/03/28,週末,
2021/03/29,,星期一
2021/03/30,,星期二
2021/03/31,,星期三
2021/04/01,,星期四
2021/04/02,,星期五
2021/04/03,週末,
2021/04/04,週末,
2021/04/05,,星期一
2021/04/06,,星期二
2021/04/07,,星期三
2021/04/08,,星期四
2021/04/09,,星期五
2021/04/10,週末,
2021/04/11,週末,
2021/04/12,,星期一
2021/04/13,,星期二
2021/04/14,,星期三
2021/04/15,,星期四
2021/04/16,,星期五
2021/04/17,週末,
2021/04/18,週末,
2021/04/19,,星期一
2021/04/20,,星期二
2021/04/21,,星期三
2021/04/22,,星期四
2021/04/23,,星期五
2021/04/24,週末,
2021/04/25,週末,
2021/04/26,,星期一
2021/04/27,,星期二
2021/04/28,,星期三
2021/04/29,,星期四
2021/04/30,,星期五
2021/05/01,週末,
2021/05/02,週末,
2021/05/03,,星期一
2021/05/04,,星期二
2021/05/05,,星期三
2021/05/06,,星期四
2021/05/07,,星期五
2021/05/08,週末,
2021/05/09,週末,
2021/05/10,,星期一
2021/05/11,,星期二
2021/05/12,,星期三
2021/05/13,,星期四
2021/05/14,,星期五
2021/05/15,週末,
2021/05/16,週末,
2021/05/17,,星期一
2021/05/18,,星期二
2021/05/19,,星期三
2021/05/20,,星期四
2021/05/21,,星期五
2021/05/22,週末,
2021/05/23,週末,
2021/05/24,,星期一
2021/05/25,,星期二
2021/05/26,,星期三
2021/05/27,,星期四
2021/05/28,,星期五
2021/05/29,週末,
2021/05/30,週末,
2021/05/31,,星期一
2021/06/01,,星期二
2021/06/02,,星期三
2021/06/03,,星期四
2021/06/04,,星期五
2021/06/05,週末,
2021/06/06,週末,
2021/06/07,,星期一
2021/06/08,,星期二
2021/06/09,,星期三
2021/06/10,,星期四
2021/06/11,,星期五
2021/06/12,週末,
2021/06/13,週末,
2021/06/14,,星期一
2021/06/15,,星期二
2021/06/16,,星期三
2021/06/17,,星期四
2021/06/18,,星期五
2021/06/19,週末,
2021/06/20,週末,
2021/06/21,,星期一
2021/06/22,,星期二
2021/06/23,,星期三
2021/06/24,,星期四
2021/06/25,,星期五
2021/06/26,週末,
2021/06/27,週末,
2021/06/28,,星期一
2021/06/29,,星期二
2021/06/30,,星期三
2021/07/01,,星期四
2021/07/02,,星期五
2021/07/03,週末,
2021/07/04,週末,
2021/07/05,,星期一
2021/07/06,,星期二
2021/07/07,,星期三
2021/07/08,,星期四
2021/07/09,,星期五
2021/07/10,週末,
2021/07/11,週末,
2021/07/12,,星期一
2021/07/13,,星期二
2021/07/14,,星期三
2021/07/15,,星期四
2021/07/16,,星期五
2021/07/17,週末,
2021/07/18,週末,
2021/07/19,,星期一
2021/07/20,,星期二
2021/07/21,,星期三
2021/07/22,,星期四
2021/07/23,,星期五
2021/07/24,週末,
2021/07/25,週末,
2021/07/26,,星期一
2021/07/27,,星期二
2021/07/28,,星期三
2021/07/29,,星期四
2021/07/30,,星期五
2021/07/31,週末,
2021/08/01,週末,
2021/08/02,,星期一
2021/08/03,,星期二
2021/08/04,,星期三
2021/08/05,,星期四
2021/08/06,,星期五
2021/08/07,週末,
2021/08/08,週末,
2021/08/09,,星期一
2021/08/10,,星期二
2021/08/11,,星期三
2021/08/12,,星期四
2021/08/13,,星期五
2021/08/14,週末,
2021/08/15,週末,
2021/08/16,,星期一
2021/08/17,,星期二
2021/08/18,,星期三
2021/08/19,,星期四
2021/08/20,,星期五
2021/08/21,週末,
2021/08/22,週末,
2021/08/23,,星期一
2021/08/24,,星期二
2021/08/25,,星期三
2021/08/26,,星期四
2021/08/27,,星期五
2021/08/28,週末,
2021/08/29,週末,
2021/08/30,,星期一
2021/08/31,,星期二
2021/09/01,,星期三
2021/09/02,,星期四
2021/09/03,,星期五
2021/09/04,週末,
2021/09/05,週末,
2021/09/06,,星期一
2021/09/07,,星期二
2021/09/08,,星期三
2021/09/09,,星期四
2021/09/10,,星期五
2021/09/11,週末,
2021/09/12,週末,
2021/09/13,,星期一
2021/09/14,,星期二
2021/09/15,,星期三
2021/09/16,,星期四
2021/09/17,,星期五
2021/09/18,週末,
2021/09/19,週末,
2021/09/20,,星期一
2021/09/21,,星期二
2021/09/22,,星期三
2021/09/23,,星期四
2021/09/24,,星期五
2021/09/25,週末,
2021/09/26,週末,
2021/09/27,,星期一
2021/09/28,,星期二
2021/09/29,,星期三
2021/09/30,,星期四
2021/10/01,,星期五
2021/10/02,週末,
2021/10/03,週末,
2021/10/04,,星期一
2021/10/05,,星期二
2021/10/06,,星期三
2021/10/07,,星期四
2021/10/08,,星期五
2021/10/09,週末,
2021/10/10,週末,
2021/10/11,,星期一
2021/10/12,,星期二
2021/10/13,,星期三
2021/10/14,,星期四
2021/10/15,,星期五
2021/10/16,週末,
2021/10/17,週末,
2021/10/18,,星期一
2021/10/19,,星期二
2021/10/20,,星期三
2021/10/21,,星期四
2021/10/22,,星期五
2021/10/23,週末,
2021/10/24,週末,
2021/10/25,,星期一
2021/10/26,,星期二
2021/10/27,,星期三
2021/10/28,,星期四
2021/10/29,,星期五
2021/10/30,週末,
2021/10/31,週末,
2021/11/01,,星期一
2021/11/02,,星期二
2021/11/03,,星期三
2021/11/04,,星期四
2021/11/05,,星期五
2021/11/06,週末,
2021/11/07,週末,
2021/11/08,,星期一
2021/11/09,,星期二
2021/11/10,,星期三
2021/11/11,,星期四
2021/11/12,,星期五
2021/11/13,週末,
2021/11/14,週末,
2021/11/15,,星期一
2021/11/16,,星期二
2021/11/17,,星期三
2021/11/18,,星期四
2021/11/19,,星期五
2021/11/20,週末,
2021/11/21,週末,
2021/11/22,,星期一
2021/11/23,,星期二
2021/11/24,,星期三
2021/11/25,,星期四
2021/11/26,,星期五
2021/11/27,週末,
2021/11/28,週末,
2021/11/29,,星期一
2021/11/30,,星期二
2021/12/01,,星期三
2021/12/02,,星期四
2021/12/03,,星期五
2021/12/04,週末,
2021/12/05,週末,
2021/12/06,,星期一
2021/12/07,,星期二
2021/12/08,,星期三
2021/12/09,,星期四
2021/12/10,,星期五
2021/12/11,週末,
2021/12/12,週末,
2021/12/13,,星期一
2021/12/14,,星期二
2021/12/15,,星期三
2021/12/16,,星期四
2021/12/17,,星期五
2021/12/18,週末,
2021/12/19,週末,
2021/12/20,,星期一
2021/12/21,,星期二
2021/12/22,,星期三
2021/12/23,,星期四
2021/12/24,,星期五
2021/12/25,週末,
2021/12/26,週末,
2021/12/27,,星期一
2021/12/28,,星期二
2021/12/29,,星期三
2021/12/30,,星期四
2021/12/31,,星期五
2022/01/01,週末,
2022/01/02,週末,
2022/01/03,,星期一
2022/01/04,,星期二
2022/01/05,,星期三
2022/01/06,,星期四
2022/01/07,,星期五
2022/01/08,週末,
2022/01/09,週末,
2022/01/10,,星期一
2022/01/11,,星期二
2022/01/12,,星期三
2022/01/13,,星期四
2022/01/14,,星期五
2022/01/15,週末,
2022/01/16,週末,
2022/01/17,,星期一
2022/01/18,,星期二
2022/01/19,,星期三
2022/01/20,,星期四
2022/01/21,,星期五
2022/01/22,週末,
2022/01/23,週末,
2022/01/24,,星期一
2022/01/25,,星期二
2022/01/26,,星期三
2022/01/27,,星期四
2022/01/28,,星期五
2022/01/29,週末,
2022/01/30,週末,
2022/01/31,,星期一
2022/02/01,,星期二
2022/02/02,,星期三
2022/02/03,,星期四
2022/02/04,,星期五
2022/02/05,週末,
2022/02/06,週末,
2022/02/07,,星期一
2022/02/08,,星期二
2022/02/09,,星期三
2022/02/10,,星期四
2022/02/11,,星期五
2022/02/12,週末,
2022/02/13,週末,
2022/02/14,,星期一
2022/02/15,,星期二
2022/02/16,,星期三
2022/02/17,,星期四
2022/02/18,,星期五
2022/02/19,週末,
2022/02/20,週末,
2022/02/21,,星期一
2022/02/22,,星期二
2022/02/23,,星期三
2022/02/24,,星期四
2022/02/25,,星期五
2022/02/26,週末,
2022/02/27,週末,
2022/02/28,,星期一
2022/03/01,,星期二
2022/03/02,,星期三
2022/03/03,,星期四
2022/03/04,,星期五
2022/03/05,週末,
2022/03/06,週末,
2022/03/07,,星期一
2022/03/08,,星期二
2022/03/09,,星期三
2022/03/10,,星期四
2022/03/11,,星期五
2022/03/12,週末,
2022/03/13,週末,
2022/03/14,,星期一
2022/03/15,,星期二
2022/03/16,,星期三
2022/03/17,,星期四
2022/03/18,,星期五
2022/03/19,週末,
2022/03/20,週末,
2022/03/21,,星期一
2022/03/22,,星期二
2022/03/23,,星期三
2022/03/24,,星期四
2022/03/25,,星期五
2022/03/26,週末,
2022/03/27,週末,
2022/03/28,,星期一
2022/03/29,,星期二
2022/03/30,,星期三
2022/03/31,,星期四
2022/04/01,,星期五
2022/04/02,週末,
2022/04/03,週末,
2022/04/04,,星期一
2022/04/05,,星期二
2022/04/06,,星期三
2022/04/07,,星期四
2022/04/08,,星期五
2022/04/09,週末,
2022/04/10,週末,
2022/04/11,,星期一
2022/04/12,,星期二
2022/04/13,,星期三
2022/04/14,,星期四
2022/04/15,,星期五
2022/04/16,週末,
2022/04/17,週末,
2022/04/18,,星期一
2022/04/19,,星期二
2022/04/20,,星期三
2022/04/21,,星期四
2022/04/22,,星期五
2022/04/23,週末,
2022/04/24,週末,
2022/04/25,,星期一
2022/04/26,,星期二
2022/04/27,,星期三
2022/04/28,,星期四
2022/04/29,,星期五
2022/04/30,週末,
2022/05/01,週末,
2022/05/02,,星期一
2022/05/03,,星期二
2022/05/04,,星期三
2022/05/05,,星期四
2022/05/06,,星期五
2022/05/07,週末,
2022/05/08,週末,
2022/05/09,,星期一
2022/05/10,,星期二
2022/05/11,,星期三
2022/05/12,,星期四
2022/05/13,,星期五
2022/05/14,週末,
2022/05/15,週末,
2022/05/16,,星期一
2022/05/17,,星期二
2022/05/18,,星期三
2022/05/19,,星期四
2022/05/20,,星期五
2022/05/21,週末,
2022/05/22,週末,
2022/05/23,,星期一
2022/05/24,,星期二
2022/05/25,,星期三
2022/05/26,,星期四
2022/05/27,,星期五
2022/05/28,週末,
2022/05/29,週末,
2022/05/30,,星期一
2022/05/31,,星期二
2022/06/01,,星期三
2022/06/02,,星期四
2022/06/03,,星期五
2022/06/04,週末,
2022/06/05,週末,
2022/06/06,,星期一
2022/06/07,,星期二
2022/06/08,,星期三
2022/06/09,,星期四
2022/06/10,,星期五
2022/06/11,週末,
2022/06/12,週末,
2022/06/13,,星期一
2022/06/14,,星期二
2022/06/15,,星期三
2022/06/16,,星期四
2022/06/17,,星期五
2022/06/18,週末,
2022/06/19,週末,
2022/06/20,,星期一
2022/06/21,,星期二
2022/06/22,,星期三
2022/06/23,,星期四
2022/06/24,,星期五
2022/06/25,週末,
2022/06/26,週末,
2022/06/27,,星期一
2022/06/28,,星期二
2022/06/29,,星期三
2022/06/30,,星期四
2022/07/01,,星期五
2022/07/02,週末,
2022/07/03,週末,
2022/07/04,,星期一
2022/07/05,,星期二
2022/07/06,,星期三
2022/07/07,,星期四
2022/07/08,,星期五
2022/07/09,週末,
2022/07/10,週末,
2022/07/11,,星期一
2022/07/12,,星期二
2022/07/13,,星期三
2022/07/14,,星期四
2022/07/15,,星期五
2022/07/16,週末,
2022/07/17,週末,
2022/07/18,,星期一
2022/07/19,,星期二
2022/07/20,,星期三
2022/07/21,,星期四
2022/07/22,,星期五
2022/07/23,週末,
2022/07/24,週末,
2022/07/25,,星期一
2022/07/26,,星期二
2022/07/27,,星期三
2022/07/28,,星期四
2022/07/29,,星期五
2022/07/30,週末,
2022/07/31,週末,
2022/08/01,,星期一
2022/08/02,,星期二
2022/08/03,,星期三
2022/08/04,,星期四
2022/08/05,,星期五
2022/08/06,週末,
2022/08/07,週末,
2022/08/08,,星期一
2022/08/09,,星期二
2022/08/10,,星期三
2022/08/11,,星期四
2022/08/12,,星期五
2022/08/13,週末,
2022/08/14,週末,
2022/08/15,,星期一
2022/08/16,,星期二
2022/08/17,,星期三
2022/08/18,,星期四
2022/08/19,,星期五
2022/08/20,週末,
2022/08/21,週末,
2022/08/22,,星期一
2022/08/23,,星期二
2022/08/24,,星期三
2022/08/25,,星期四
2022/08/26,,星期五
2022/08/27,週末,
2022/08/28,週末,
2022/08/29,,星期一
2022/08/30,,星期二
2022/08/31,,星期三
2022/09/01,,星期四
2022/09/02,,星期五
2022/09/03,週末,
2022/09/04,週末,
2022/09/05,,星期一
2022/09/06,,星期二
2022/09/07,,星期三
2022/09/08,,星期四
2022/09/09,,星期五
2022/09/10,週末,
2022/09/11,週末,
2022/09/12,,星期一
2022/09/13,,星期二
2022/09/14,,星期三
2022/09/15,,星期四
2022/09/16,,星期五
2022/09/17,週末,
2022/09/18,週末,
2022/09/19,,星期一
2022/09/20,,星期二
2022/09/21,,星期三
2022/09/22,,星期四
2022/09/23,,星期五
2022/09/24,週末,
2022/09/25,週末,
2022/09/26,,星期一
2022/09/27,,星期二
2022/09/28,,星期三
2022/09/29,,星期四
2022/09/30,,星期五
2022/10/01,週末,
2022/10/02,週末,
2022/10/03,,星期一
2022/10/04,,星期二
2022/10/05,,星期三
2022/10/06,,星期四
2022/10/07,,星期五
2022/10/08,週末,
2022/10/09,週末,
2022/10/10,,星期一
2022/10/11,,星期二
2022/10/12,,星期三
2022/10/13,,星期四
2022/10/14,,星期五
2022/10/15,週末,
2022/10/16,週末,
2022/10/17,,星期一
2022/10/18,,星期二
2022/10/19,,星期三
2022/10/20,,星期四
2022/10/21,,星期五
2022/10/22,週末,
2022/10/23,週末,
2022/10/24,,星期一
2022/10/25,,星期二
2022/10/26,,星期三
2022/10/27,,星期四
2022/10/28,,星期五
2022/10/29,週末,
2022/10/30,週末,
2022/10/31,,星期一
2022/11/01,,星期二
2022/11/02,,星期三
2022/11/03,,星期四
2022/11/04,,星期五
2022/11/05,週末,
2022/11/06,週末,
2022/11/07,,星期一
2022/11/08,,星期二
2022/11/09,,星期三
2022/11/10,,星期四
2022/11/11,,星期五
2022/11/12,週末,
2022/11/13,週末,
2022/11/14,,星期一
2022/11/15,,星期二
2022/11/16,,星期三
2022/11/17,,星期四
2022/11/18,,星期五
2022/11/19,週末,
2022/11/20,週末,
2022/11/21,,星期一
2022/11/22,,星期二
2022/11/23,,星期三
2022/11/24,,星期四
2022/11/25,,星期五
2022/11/26,週末,
2022/11/27,週末,
2022/11/28,,星期一
2022/11/29,,星期二
2022/11/30,,星期三
2022/12/01,,星期四
2022/12/02,,星期五
2022/12/03,週末,
2022/12/04,週末,
2022/12/05,,星期一
2022/12/06,,星期二
2022/12/07,,星期三
2022/12/08,,星期四
2022/12/09,,星期五
2022/12/10,週末,
2022/12/11,週末,
2022/12/12,,星期一
2022/12/13,,星期二
2022/12/14,,星期三
2022/12/15,,星期四
2022/12/16,,星期五
2022/12/17,週末,
2022/12/18,週末,
2022/12/19,,星期一
2022/12/20,,星期二
2022/12/21,,星期三
2022/12/22,,星期四
2022/12/23,,星期五
2022/12/24,週末,
2022/12/25,週末,
2022/12/26,,星期一
2022/12/27,,星期二
2022/12/28,,星期三
2022/12/29,,星期四
2022/12/30,,星期五
2022/12/31,週末,
2023/01/01,週末,
2023/01/02,,星期一
2023/01/03,,星期二
2023/01/04,,星期三
2023/01/05,,星期四
2023/01/06,,星期五
2023/01/07,週末,
2023/01/08,週末,
2023/01/09,,星期一
2023/01/10,,星期二
2023/01/11,,星期三
2023/01/12,,星期四
2023/01/13,,星期五
2023/01/14,週末,
2023/01/15,週末,
2023/01/16,,星期一
2023/01/17,,星期二
2023/01/18,,星期三
2023/01/19,,星期四
2023/01/20,,星期五
2023/01/21,週末,
2023/01/22,週末,
2023/01/23,,星期一
2023/01/24,,星期二
2023/01/25,,星期三
2023/01/26,,星期四
2023/01/27,,星期五
2023/01/28,週末,
2023/01/29,週末,
2023/01/30,,星期一
2023/01/31,,星期二
2023/02/01,,星期三
2023/02/02,,星期四
2023/02/03,,星期五
2023/02/04,週末,
2023/02/05,週末,
2023/02/06,,星期一
2023/02/07,,星期二
2023/02/08,,星期三
2023/02/09,,星期四
2023/02/10,,星期五
2023/02/11,週末,
2023/02/12,週末,
2023/02/13,,星期一
2023/02/14,,星期二
2023/02/15,,星期三
2023/02/16,,星期四
2023/02/17,,星期五
2023/02/18,週末,
2023/02/19,週末,
2023/02/20,,星期一
2023/02/21,,星期二
2023/02/22,,星期三
2023/02/23,,星期四
2023/02/24,,星期五
2023/02/25,週末,
2023/02/26,週末,
2023/02/27,,星期一
2023/02/28,,星期二
2023/03/01,,星期三
2023/03/02,,星期四
2023/03/03,,星期五
2023/03/04,週末,
2023/03/05,週末,
2023/03/06,,星期一
2023/03/07,,星期二
2023/03/08,,星期三
2023/03/09,,星期四
2023/03/10,,星期五
2023/03/11,週末,
2023/03/12,週末,
2023/03/13,,星期一
2023/03/14,,星期二
2023/03/15,,星期三
2023/03/16,,星期四
2023/03/17,,星期五
2023/03/18,週末,
2023/03/19,週末,
2023/03/20,,星期一
2023/03/21,,星期二
2023/03/22,,星期三
2023/03/23,,星期四
2023/03/24,,星期五
2023/03/25,週末,
2023/03/26,週末,
2023/03/27,,星期一
2023/03/28,,星期二
2023/03/29,,星期三
2023/03/30,,星期四
2023/03/31,,星期五
2023/04/01,週末,
2023/04/02,週末,
2023/04/03,,星期一
2023/04/04,,星期二
2023/04/05,,星期三
2023/04/06,,星期四
2023/04/07,,星期五
2023/04/08,週末,
2023/04/09,週末,
2023/04/10,,星期一
2023/04/11,,星期二
2023/04/12,,星期三
2023/04/13,,星期四
2023/04/14,,星期五
2023/04/15,週末,
2023/04/16,週末,
2023/04/17,,星期一
2023/04/18,,星期二
2023/04/19,,星期三
2023/04/20,,星期四
2023/04/21,,星期五
2023/04/22,週末,
2023/04/23,週末,
2023/04/24,,星期一
2023/04/25,,星期二
2023/04/26,,星期三
2023/04/27,,星期四
2023/04/28,,星期五
2023/04/29,週末,
2023/04/30,週末,
2023/05/01,,星期一
2023/05/02,,星期二
2023/05/03,,星期三
2023/05/04,,星期四
2023/05/05,,星期五
2023/05/06,週末,
2023/05/07,週末,
2023/05/08,,星期一
2023/05/09,,星期二
2023/05/10,,星期三
2023/05/11,,星期四
2023/05/12,,星期五
2023/05/13,週末,
2023/05/14,週末,
2023/05/15,,星期一
2023/05/16,,星期二
2023/05/17,,星期三
2023/05/18,,星期四
2023/05/19,,星期五
2023/05/20,週末,
2023/05/21,週末,
2023/05/22,,星期一
2023/05/23,,星期二
2023/05/24,,星期三
2023/05/25,,星期四
2023/05/26,,星期五
2023/05/27,週末,
2023/05/28,週末,
2023/05/29,,星期一
2023/05/30,,星期二
2023/05/31,,星期三
2023/06/01,,星期四
2023/06/02,,星期五
2023/06/03,週末,
2023/06/04,週末,
2023/06/05,,星期一
2023/06/06,,星期二
2023/06/07,,星期三
2023/06/08,,星期四
2023/06/09,,星期五
2023/06/10,週末,
2023/06/11,週末,
2023/06/12,,星期一
2023/06/13,,星期二
2023/06/14,,星期三
2023/06/15,,星期四
2023/06/16,,星期五
2023/06/17,週末,
2023/06/18,週末,
2023/06/19,,星期一
2023/06/20,,星期二
2023/06/21,,星期三
2023/06/22,,星期四
2023/06/23,,星期五
2023/06/24,週末,
2023/06/25,週末,
2023/06/26,,星期一
2023/06/27,,星期二
2023/06/28,,星期三
2023/06/29,,星期四
2023/06/30,,星期五
2023/07/01,週末,
2023/07/02,週末,
2023/07/03,,星期一
2023/07/04,,星期二
2023/07/05,,星期三
2023/07/06,,星期四
2023/07/07,,星期五
2023/07/08,週末,
2023/07/09,週末,
2023/07/10,,星期一
2023/07/11,,星期二
2023/07/12,,星期三
2023/07/13,,星期四
2023/07/14,,星期五
2023/07/15,週末,
2023/07/16,週末,
2023/07/17,,星期一
2023/07/18,,星期二
2023/07/19,,星期三
2023/07/20,,星期四
2023/07/21,,星期五
2023/07/22,週末,
2023/07/23,週末,
2023/07/24,,星期一
2023/07/25,,星期二
2023/07/26,,星期三
2023/07/27,,星期四
2023/07/28,,星期五
2023/07/29,週末,
2023/07/30,週末,
2023/07/31,,星期一
2023/08/01,,星期二
2023/08/02,,星期三
2023/08/03,,星期四
2023/08/04,,星期五
2023/08/05,週末,
2023/08/06,週末,
2023/08/07,,星期一
2023/08/08,,星期二
2023/08/09,,星期三
2023/08/10,,星期四
2023/08/11,,星期五
2023/08/12,週末,
2023/08/13,週末,
2023/08/14,,星期一
2023/08/15,,星期二
2023/08/16,,星期三
2023/08/17,,星期四
2023/08/18,,星期五
2023/08/19,週末,
2023/08/20,週末,
2023/08/21,,星期一
2023/08/22,,星期二
2023/08/23,,星期三
2023/08/24,,星期四
2023/08/25,,星期五
2023/08/26,週末,
2023/08/27,週末,
2023/08/28,,星期一
2023/08/29,,星期二
2023/08/30,,星期三
2023/08/31,,星期四
2023/09/01,,星期五
2023/09/02,週末,
2023/09/03,週末,
2023/09/04,,星期一
2023/09/05,,星期二
2023/09/06,,星期三
2023/09/07,,星期四
2023/09/08,,星期五
2023/09/09,週末,
2023/09/10,週末,
2023/09/11,,星期一
2023/09/12,,星期二
2023/09/13,,星期三
2023/09/14,,星期四
2023/09/15,,星期五
2023/09/16,週末,
2023/09/17,週末,
2023/09/18,,星期一
2023/09/19,,星期二
2023/09/20,,星期三
2023/09/21,,星期四
2023/09/22,,星期五
2023/09/23,週末,
2023/09/24,週末,
2023/09/25,,星期一
2023/09/26,,星期二
2023/09/27,,星期三
2023/09/28,,星期四
2023/09/29,,星期五
2023/09/30,週末,
2023/10/01,週末,
2023/10/02,,星期一
2023/10/03,,星期二
2023/10/04,,星期三
2023/10/05,,星期四
2023/10/06,,星期五
2023/10/07,週末,
2023/10/08,週末,
2023/10/09,,星期一
2023/10/10,,星期二
2023/10/11,,星期三
2023/10/12,,星期四
2023/10/13,,星期五
2023/10/14,週末,
2023/10/15,週末,
2023/10/16,,星期一
2023/10/17,,星期二
2023/10/18,,星期三
2023/10/19,,星期四
2023/10/20,,星期五
2023/10/21,週末,
2023/10/22,週末,
2023/10/23,,星期一
2023/10/24,,星期二
2023/10/25,,星期三
2023/10/26,,星期四
2023/10/27,,星期五
2023/10/28,週末,
2023/10/29,週末,
2023/10/30,,星期一
2023/10/31,,星期二
2023/11/01,,星期三
2023/11/02,,星期四
2023/11/03,,星期五
2023/11/04,週末,
2023/11/05,週末,
2023/11/06,,星期一
2023/11/07,,星期二
2023/11/08,,星期三
2023/11/09,,星期四
2023/11/10,,星期五
2023/11/11,週末,
2023/11/12,週末,
2023/11/13,,星期一
2023/11/14,,星期二
2023/11/15,,星期三
2023/11/16,,星期四
2023/11/17,,星期五
2023/11/18,週末,
2023/11/19,週末,
2023/11/20,,星期一
2023/11/21,,星期二
2023/11/22,,星期三
2023/11/23,,星期四
2023/11/24,,星期五
2023/11/25,週末,
2023/11/26,週末,
2023/11/27,,星期一
2023/11/28,,星期二
2023/11/29,,星期三
2023/11/30,,星期四
2023/12/01,,星期五
2023/12/02,週末,
2023/12/03,週末,
2023/12/04,,星期一
2023/12/05,,星期二
2023/12/06,,星期三
2023/12/07,,星期四
2023/12/08,,星期五
2023/12/09,週末,
2023/12/10,週末,
2023/12/11,,星期一
2023/12/12,,星期二
2023/12/13,,星期三
2023/12/14,,星期四
2023/12/15,,星期五
2023/12/16,週末,
2023/12/17,週末,
2023/12/18,,星期一
2023/12/19,,星期二
2023/12/20,,星期三
2023/12/21,,星期四
2023/12/22,,星期五
2023/12/23,週末,
2023/12/24,週末,
2023/12/25,,星期一
2023/12/26,,星期二
2023/12/27,,星期三
2023/12/28,,星期四
2023/12/29,,星期五
2023/12/30,週末,
2023/12/31,週末,
2024/01/01,,星期一
2024/01/02,,星期二
2024/01/03,,星期三
2024/01/04,,星期四
2024/01/05,,星期五
2024/01/06,週末,
2024/01/07,週末,
2024/01/08,,星期一
2024/01/09,,星期二
2024/01/10,,星期三
2024/01/11,,星期四
2024/01/12,,星期五
2024/01/13,週末,
2024/01/14,週末,
2024/01/15,,星期一
2024/01/16,,星期二
2024/01/17,,星期三
2024/01/18,,星期四
2024/01/19,,星期五
2024/01/20,週末,
2024/01/21,週末,
2024/01/22,,星期一
2024/01/23,,星期二
2024/01/24,,星期三
2024/01/25,,星期四
2024/01/26,,星期五
2024/01/27,週末,
2024/01/28,週末,
2024/01/29,,星期一
2024/01/30,,星期二
2024/01/31,,星期三
2024/02/01,,星期四
2024/02/02,,星期五
2024/02/03,週末,
2024/02/04,週末,
2024/02/05,,星期一
2024/02/06,,星期二
2024/02/07,,星期三
2024/02/08,,星期四
2024/02/09,,星期五
2024/02/10,週末,
2024/02/11,週末,
2024/02/12,,星期一
2024/02/13,,星期二
2024/02/14,,星期三
2024/02/15,,星期四
2024/02/16,,星期五
2024/02/17,週末,
2024/02/18,週末,
2024/02/19,,星期一
2024/02/20,,星期二
2024/02/21,,星期三
2024/02/22,,星期四
2024/02/23,,星期五
2024/02/24,週末,
2024/02/25,週末,
2024/02/26,,星期一
2024/02/27,,星期二
2024/02/28,,星期三
2024/02/29,,星期四
2024/03/01,,星期五
2024/03/02,週末,
2024/03/03,週末,
2024/03/04,,星期一
2024/03/05,,星期二
2024/03/06,,星期三
2024/03/07,,星期四
2024/03/08,,星期五
2024/03/09,週末,
2024/03/10,週末,
2024/03/11,,星期一
2024/03/12,,星期二
2024/03/13,,星期三
2024/03/14,,星期四
2024/03/15,,星期五
2024/03/16,週末,
2024/03/17,週末,
2024/03/18,,星期一
2024/03/19,,星期二
2024/03/20,,星期三
2024/03/21,,星期四
2024/03/22,,星期五
2024/03/23,週末,
2024/03/24,週末,
2024/03/25,,星期一
2024/03/26,,星期二
2024/03/27,,星期三
2024/03/28,,星期四
2024/03/29,,星期五
2024/03/30,週末,
2024/03/31,週末,
2024/04/01,,星期一
2024/04/02,,星期二
2024/04/03,,星期三
2024/04/04,,星期四
2024/04/05,,星期五
2024/04/06,週末,
2024/04/07,週末,
2024/04/08,,星期一
2024/04/09,,星期二
2024/04/10,,星期三
2024/04/11,,星期四
2024/04/12,,星期五
2024/04/13,週末,
2024/04/14,週末,
2024/04/15,,星期一
2024/04/16,,星期二
2024/04/17,,星期三
2024/04/18,,星期四
2024/04/19,,星期五
2024/04/20,週末,
2024/04/21,週末,
2024/04/22,,星期一
2024/04/23,,星期二
2024/04/24,,星期三
2024/04/25,,星期四
2024/04/26,,星期五
2024/04/27,週末,
2024/04/28,週末,
2024/04/29,,星期一
2024/04/30,,星期二
2024/05/01,,星期三
2024/05/02,,星期四
2024/05/03,,星期五
2024/05/04,週末,
2024/05/05,週末,
2024/05/06,,星期一
2024/05/07,,星期二
2024/05/08,,星期三
2024/05/09,,星期四
2024/05/10,,星期五
2024/05/11,週末,
2024/05/12,週末,
2024/05/13,,星期一
2024/05/14,,星期二
2024/05/15,,星期三
2024/05/16,,星期四
2024/05/17,,星期五
2024/05/18,週末,
2024/05/19,週末,
2024/05/20,,星期一
2024/05/21,,星期二
2024/05/22,,星期三
2024/05/23,,星期四
2024/05/24,,星期五
2024/05/25,週末,
2024/05/26,週末,
2024/05/27,,星期一
2024/05/28,,星期二
2024/05/29,,星期三
2024/05/30,,星期四
2024/05/31,,星期五
2024/06/01,週末,
2024/06/02,週末,
2024/06/03,,星期一
2024/06/04,,星期二
2024/06/05,,星期三
2024/06/06,,星期四
2024/06/07,,星期五
2024/06/08,週末,
2024/06/09,週末,
2024/06/10,,星期一
2024/06/11,,星期二
2024/06/12,,星期三
2024/06/13,,星期四
2024/06/14,,星期五
2024/06/15,週末,
2024/06/16,週末,
2024/06/17,,星期一
2024/06/18,,星期二
2024/06/19,,星期三
2024/06/20,,星期四
2024/06/21,,星期五
2024/06/22,週末,
2024/06/23,週末,
2024/06/24,,星期一
2024/06/25,,星期二
2024/06/26,,星期三
2024/06/27,,星期四
2024/06/28,,星期五
2024/06/29,週末,
2024/06/30,週末,
2024/07/01,,星期一
2024/07/02,,星期二
2024/07/03,,星期三
2024/07/04,,星期四
2024/07/05,,星期五
2024/07/06,週末,
2024/07/07,週末,
2024/07/08,,星期一
2024/07/09,,星期二
2024/07/10,,星期三
2024/07/11,,星期四
2024/07/12,,星期五
2024/07/13,週末,
2024/07/14,週末,
2024/07/15,,星期一
2024/07/16,,星期二
2024/07/17,,星期三
2024/07/18,,星期四
2024/07/19,,星期五
2024/07/20,週末,
2024/07/21,週末,
2024/07/22,,星期一
2024/07/23,,星期二
2024/07/24,,星期三
2024/07/25,,星期四
2024/07/26,,星期五
2024/07/27,週末,
2024/07/28,週末,
2024/07/29,,星期一
2024/07/30,,星期二
2024/07/31,,星期三
2024/08/01,,星期四
2024/08/02,,星期五
2024/08/03,週末,
2024/08/04,週末,
2024/08/05,,星期一
2024/08/06,,星期二
2024/08/07,,星期三
2024/08/08,,星期四
2024/08/09,,星期五
2024/08/10,週末,
2024/08/11,週末,
2024/08/12,,星期一
2024/08/13,,星期二
2024/08/14,,星期三
2024/08/15,,星期四
2024/08/16,,星期五
2024/08/17,週末,
2024/08/18,週末,
2024/08/19,,星期一
2024/08/20,,星期二
2024/08/21,,星期三
2024/08/22,,星期四
2024/08/23,,星期五
2024/08/24,週末,
2024/08/25,週末,
2024/08/26,,星期一
2024/08/27,,星期二
2024/08/28,,星期三
2024/08/29,,星期四
2024/08/30,,星期五
2024/08/31,週末,
2024/09/01,週末,
2024/09/02,,星期一
2024/09/03,,星期二
2024/09/04,,星期三
2024/09/05,,星期四
2024/09/06,,星期五
2024/09/07,週末,
2024/09/08,週末,
2024/09/09,,星期一
2024/09/10,,星期二
2024/09/11,,星期三
2024/09/12,,星期四
2024/09/13,,星期五
2024/09/14,週末,
2024/09/15,週末,
2024/09/16,,星期一
2024/09/17,,星期二
2024/09/18,,星期三
2024/09/19,,星期四
2024/09/20,,星期五
2024/09/21,週末,
2024/09/22,週末,
2024/09/23,,星期一
2024/09/24,,星期二
2024/09/25,,星期三
2024/09/26,,星期四
2024/09/27,,星期五
2024/09/28,週末,
2024/09/29,週末,
2024/09/30,,星期一
2024/10/01,,星期二
2024/10/02,,星期三
2024/10/03,,星期四
2024/10/04,,星期五
2024/10/05,週末,
2024/10/06,週末,
2024/10/07,,星期一
2024/10/08,,星期二
2024/10/09,,星期三
2024/10/10,,星期四
2024/10/11,,星期五
2024/10/12,週末,
2024/10/13,週末,
2024/10/14,,星期一
2024/10/15,,星期二
2024/10/16,,星期三
2024/10/17,,星期四
2024/10/18,,星期五
2024/10/19,週末,
2024/10/20,週末,
2024/10/21,,星期一
2024/10/22,,星期二
2024/10/23,,星期三
2024/10/24,,星期四
2024/10/25,,星期五
2024/10/26,週末,
2024/10/27,週末,
2024/10/28,,星期一
2024/10/29,,星期二
2024/10/30,,星期三
2024/10/31,,星期四
2024/11/01,,星期五
2024/11/02,週末,
2024/11/03,週末,
2024/11/04,,星期一
2024/11/05,,星期二
2024/11/06,,星期三
2024/11/07,,星期四
2024/11/08,,星期五
2024/11/09,週末,
2024/11/10,週末,
2024/11/11,,星期一
2024/11/12,,星期二
2024/11/13,,星期三
2024/11/14,,星期四
2024/11/15,,星期五
2024/11/16,週末,
2024/11/17,週末,
2024/11/18,,星期一
2024/11/19,,星期二
2024/11/20,,星期三
2024/11/21,,星期四
2024/11/22,,星期五
2024/11/23,週末,
2024/11/24,週末,
2024/11/25,,星期一
2024/11/26,,星期二
2024/11/27,,星期三
2024/11/28,,星期四
2024/11/29,,星期五
2024/11/30,週末,
2024/12/01,週末,
2024/12/02,,星期一
2024/12/03,,星期二
2024/12/04,,星期三
2024/12/05,,星期四
2024/12/06,,星期五
2024/12/07,週末,
2024/12/08,週末,
2024/12/09,,星期一
2024/12/10,,星期二
2024/12/11,,星期三
2024/12/12,,星期四
2024/12/13,,星期五
2024/12/14,週末,
2024/12/15,週末,
2024/12/16,,星期一
2024/12/17,,星期二
2024/12/18,,星期三
2024/12/19,,星期四
2024/12/20,,星期五
2024/12/21,週末,
2024/12/22,週末,
2024/12/23,,星期一
2024/12/24,,星期二
2024/12/25,,星期三
2024/12/26,,星期四
2024/12/27,,星期五
2024/12/28,週末,
2024/12/29,週末,
2024/12/30,,星期一
2024/12/31,,星期二
2025/01/01,,星期三
2025/01/02,,星期四
2025/01/03,,星期五
2025/01/04,週末,
2025/01/05,週末,
2025/01/06,,星期一
2025/01/07,,星期二
2025/01/08,,星期三
2025/01/09,,星期四
2025/01/10,,星期五
2025/01/11,週末,
2025/01/12,週末,
2025/01/13,,星期一
2025/01/14,,星期二
2025/01/15,,星期三
2025/01/16,,星期四
2025/01/17,,星期五
2025/01/18,週末,
2025/01/19,週末,
2025/01/20,,星期一
2025/01/21,,星期二
2025/01/22,,星期三
2025/01/23,,星期四
2025/01/24,,星期五
2025/01/25,週末,
2025/01/26,週末,
2025/01/27,,星期一
2025/01/28,,星期二
2025/01/29,,星期三
2025/01/30,,星期四
2025/01/31,,星期五
2025/02/01,週末,
2025/02/02,週末,
2025/02/03,,星期一
2025/02/04,,星期二
2025/02/05,,星期三
2025/02/06,,星期四
2025/02/07,,星期五
2025/02/08,週末,
2025/02/09,週末,
2025/02/10,,星期一
2025/02/11,,星期二
2025/02/12,,星期三
2025/02/13,,星期四
2025/02/14,,星期五
2025/02/15,週末,
2025/02/16,週末,
2025/02/17,,星期一
2025/02/18,,星期二
2025/02/19,,星期三
2025/02/20,,星期四
2025/02/21,,星期五
2025/02/22,週末,
2025/02/23,週末,
2025/02/24,,星期一
2025/02/25,,星期二
2025/02/26,,星期三
2025/02/27,,星期四
2025/02/28,,星期五
2025/03/01,週末,
2025/03/02,週末,
2025/03/03,,星期一
2025/03/04,,星期二
2025/03/05,,星期三
2025/03/06,,星期四
2025/03/07,,星期五
2025/03/08,週末,
2025/03/09,週末,
2025/03/10,,星期一
2025/03/11,,星期二
2025/03/12,,星期三
2025/03/13,,星期四
2025/03/14,,星期五
2025/03/15,週末,
2025/03/16,週末,
2025/03/17,,星期一
2025/03/18,,星期二
2025/03/19,,星期三
2025/03/20,,星期四
2025/03/21,,星期五
2025/03/22,週末,
2025/03/23,週末,
2025/03/24,,星期一
2025/03/25,,星期二
2025/03/26,,星期三
2025/03/27,,星期四
2025/03/28,,星期五
2025/03/29,週末,
2025/03/30,週末,
2025/03/31,,星期一
2025/04/01,,星期二
2025/04/02,,星期三
2025/04/03,,星期四
2025/04/04,,星期五
2025/04/05,週末,
2025/04/06,週末,
2025/04/07,,星期一
2025/04/08,,星期二
2025/04/09,,星期三
2025/04/10,,星期四
2025/04/11,,星期五
2025/04/12,週末,
2025/04/13,週末,
2025/04/14,,星期一
2025/04/15,,星期二
2025/04/16,,星期三
2025/04/17,,星期四
2025/04/18,,星期五
2025/04/19,週末,
2025/04/20,週末,
2025/04/21,,星期一
2025/04/22,,星期二
2025/04/23,,星期三
2025/04/24,,星期四
2025/04/25,,星期五
2025/04/26,週末,
2025/04/27,週末,
2025/04/28,,星期一
2025/04/29,,星期二
2025/04/30,,星期三
2025/05/01,,星期四
2025/05/02,,星期五
2025/05/03,週末,
2025/05/04,週末,
2025/05/05,,星期一
2025/05/06,,星期二
2025/05/07,,星期三
2025/05/08,,星期四
2025/05/09,,星期五
2025/05/10,週末,
2025/05/11,週末,
2025/05/12,,星期一
2025/05/13,,星期二
2025/05/14,,星期三
2025/05/15,,星期四
2025/05/16,,星期五
2025/05/17,週末,
2025/05/18,週末,
2025/05/19,,星期一
2025/05/20,,星期二
2025/05/21,,星期三
2025/05/22,,星期四
2025/05/23,,星期五
2025/05/24,週末,
2025/05/25,週末,
2025/05/26,,星期一
2025/05/27,,星期二
2025/05/28,,星期三
2025/05/29,,星期四
2025/05/30,,星期五
2025/05/31,週末,
2025/06/01,週末,
2025/06/02,,星期一
2025/06/03,,星期二
2025/06/04,,星期三
2025/06/05,,星期四
2025/06/06,,星期五
2025/06/07,週末,
2025/06/08,週末,
2025/06/09,,星期一
2025/06/10,,星期二
2025/06/11,,星期三
2025/06/12,,星期四
2025/06/13,,星期五
2025/06/14,週末,
2025/06/15,週末,
2025/06/16,,星期一
2025/06/17,,星期二
2025/06/18,,星期三
2025/06/19,,星期四
2025/06/20,,星期五
2025/06/21,週末,
2025/06/22,週末,
2025/06/23,,星期一
2025/06/24,,星期二
2025/06/25,,星期三
2025/06/26,,星期四
2025/06/27,,星期五
2025/06/28,週末,
2025/06/29,週末,
2025/06/30,,星期一
2025/07/01,,星期二
2025/07/02,,星期三
2025/07/03,,星期四
2025/07/04,,星期五
2025/07/05,週末,
2025/07/06,週末,
2025/07/07,,星期一
2025/07/08,,星期二
2025/07/09,,星期三
2025/07/10,,星期四
2025/07/11,,星期五
2025/07/12,週末,
2025/07/13,週末,
2025/07/14,,星期一
2025/07/15,,星期二
2025/07/16,,星期三
2025/07/17,,星期四
2025/07/18,,星期五
2025/07/19,週末,
2025/07/20,週末,
2025/07/21,,星期一
2025/07/22,,星期二
2025/07/23,,星期三
2025/07/24,,星期四
2025/07/25,,星期五
2025/07/26,週末,
2025/07/27,週末,
2025/07/28,,星期一
2025/07/29,,星期二
2025/07/30,,星期三
2025/07/31,,星期四
2025/08/01,,星期五
2025/08/02,週末,
2025/08/03,週末,
2025/08/04,,星期一
2025/08/05,,星期二
2025/08/06,,星期三
2025/08/07,,星期四
2025/08/08,,星期五
2025/08/09,週末,
2025/08/10,週末,
2025/08/11,,星期一
2025/08/12,,星期二
2025/08/13,,星期三
2025/08/14,,星期四
2025/08/15,,星期五
2025/08/16,週末,
2025/08/17,週末,
2025/08/18,,星期一
2025/08/19,,星期二
2025/08/20,,星期三
2025/08/21,,星期四
2025/08/22,,星期五
2025/08/23,週末,
2025/08/24,週末,
2025/08/25,,星期一
2025/08/26,,星期二
2025/08/27,,星期三
2025/08/28,,星期四
2025/08/29,,星期五
2025/08/30,週末,
2025/08/31,週末,
2025/09/01,,星期一
2025/09/02,,星期二
2025/09/03,,星期三
2025/09/04,,星期四
2025/09/05,,星期五
2025/09/06,週末,
2025/09/07,週末,
2025/09/08,,星期一
2025/09/09,,星期二
2025/09/10,,星期三
2025/09/11,,星期四
2025/09/12,,星期五
2025/09/13,週末,
2025/09/14,週末,
2025/09/15,,星期一
2025/09/16,,星期二
2025/09/17,,星期三
2025/09/18,,星期四
2025/09/19,,星期五
2025/09/20,週末,
2025/09/21,週末,
2025/09/22,,星期一
2025/09/23,,星期二
2025/09/24,,星期三
2025/09/25,,星期四
2025/09/26,,星期五
2025/09/27,週末,
2025/09/28,週末,
2025/09/29,,星期一
2025/09/30,,星期二
2025/10/01,,星期三
2025/10/02,,星期四
2025/10/03,,星期五
2025/10/04,週末,
2025/10/05,週末,
2025/10/06,,星期一
2025/10/07,,星期二
2025/10/08,,星期三
2025/10/09,,星期四
2025/10/10,,星期五
2025/10/11,週末,
2025/10/12,週末,
2025/10/13,,星期一
2025/10/14,,星期二
2025/10/15,,星期三
2025/10/16,,星期四
2025/10/17,,星期五
2025/10/18,週末,
2025/10/19,週末,
2025/10/20,,星期一
2025/10/21,,星期二
2025/10/22,,星期三
2025/10/23,,星期四
2025/10/24,,星期五
2025/10/25,週末,
2025/10/26,週末,
2025/10/27,,星期一
2025/10/28,,星期二
2025/10/29,,星期三
2025/10/30,,星期四
2025/10/31,,星期五
2025/11/01,週末,
2025/11/02,週末,
2025/11/03,,星期一
2025/11/04,,星期二
2025/11/05,,星期三
2025/11/06,,星期四
2025/11/07,,星期五
2025/11/08,週末,
2025/11/09,週末,
2025/11/10,,星期一
2025/11/11,,星期二
2025/11/12,,星期三
2025/11/13,,星期四
2025/11/14,,星期五
2025/11/15,週末,
2025/11/16,週末,
2025/11/17,,星期一
2025/11/18,,星期二
2025/11/19,,星期三
2025/11/20,,星期四
2025/11/21,,星期五
2025/11/22,週末,
2025/11/23,週末,
2025/11/24,,星期一
2025/11/25,,星期二
2025/11/26,,星期三
2025/11/27,,星期四
2025/11/28,,星期五
2025/11/29,週末,
2025/11/30,週末,
2025/12/01,,星期一
2025/12/02,,星期二
2025/12/03,,星期三
2025/12/04,,星期四
2025/12/05,,星期五
2025/12/06,週末,
2025/12/07,週末,
2025/12/08,,星期一
2025/12/09,,星期二
2025/12/10,,星期三
2025/12/11,,星期四
2025/12/12,,星期五
2025/12/13,週末,
2025/12/14,週末,
2025/12/15,,星期一
2025/12/16,,星期二
2025/12/17,,星期三
2025/12/18,,星期四
2025/12/19,,星期五
2025/12/20,週末,
2025/12/21,週末,
2025/12/22,,星期一
2025/12/23,,星期二
2025/12/24,,星期三
2025/12/25,,星期四
2025/12/26,,星期五
2025/12/27,週末,
2025/12/28,週末,
2025/12/29,,星期一
2025/12/30,,星期二
2025/12/31,,星期三
2026/01/01,中華民國開國紀念日,
2026/01/02,國曆新年開始交易日,
2026/01/03,週末,
2026/01/04,週末,
2026/01/10,週末,
2026/01/11,週末,
2026/01/17,週末,
2026/01/18,週末,
2026/01/24,週末,
2026/01/25,週末,
2026/01/31,週末,
2026/02/01,週末,
2026/02/07,週末,
2026/02/08,週末,
2026/02/11,農曆春節前最後交易日,
2026/02/12,市場無交易，僅辦理結算交割作業,
2026/02/13,市場無交易，僅辦理結算交割作業,
2026/02/14,週末,
2026/02/15,農曆除夕及春節,
2026/02/15,週末,
2026/02/16,農曆除夕及春節,
2026/02/17,農曆除夕及春節,
2026/02/18,農曆除夕及春節,
2026/02/19,農曆除夕及春節,
2026/02/20,農曆除夕及春節,
2026/02/21,週末,
2026/02/22,週末,
2026/02/23,農曆春節後開始交易日,
2026/02/27,和平紀念日,
2026/02/28,和平紀念日,
2026/02/28,週末,
2026/03/01,週末,
2026/03/07,週末,
2026/03/08,週末,
2026/03/14,週末,
2026/03/15,週末,
2026/03/21,週末,
2026/03/22,週末,
2026/03/28,週末,
2026/03/29,週末,
2026/04/03,兒童節及民族掃墓節,
2026/04/04,週末,
2026/04/04,兒童節及民族掃墓節,
2026/04/05,週末,
2026/04/05,兒童節及民族掃墓節,
2026/04/06,兒童節及民族掃墓節,
2026/04/11,週末,
2026/04/12,週末,
2026/04/18,週末,
2026/04/19,週末,
2026/04/25,週末,
2026/04/26,週末,
2026/05/01,勞動節,
2026/05/02,週末,
2026/05/03,週末,
2026/05/09,週末,
2026/05/10,週末,
2026/05/16,週末,
2026/05/17,週末,
2026/05/23,週末,
2026/05/24,週末,
2026/05/30,週末,
2026/05/31,週末,
2026/06/06,週末,
2026/06/07,週末,
2026/06/13,週末,
2026/06/14,週末,
2026/06/19,端午節,
2026/06/20,週末,
2026/06/21,週末,
2026/06/27,週末,
2026/06/28,週末,
2026/07/04,週末,
2026/07/05,週末,
2026/07/11,週末,
2026/07/12,週末,
2026/07/18,週末,
2026/07/19,週末,
2026/07/25,週末,
2026/07/26,週末,
2026/08/01,週末,
2026/08/02,週末,
2026/08/08,週末,
2026/08/09,週末,
2026/08/15,週末,
2026/08/16,週末,
2026/08/22,週末,
2026/08/23,週末,
2026/08/29,週末,
2026/08/30,週末,
2026/09/05,週末,
2026/09/06,週末,
2026/09/12,週末,
2026/09/13,週末,
2026/09/19,週末,
2026/09/20,週末,
2026/09/25,中秋節,
2026/09/26,週末,
2026/09/27,週末,
2026/09/28,孔子誕辰紀念日/ 教師節,
2026/10/03,週末,
2026/10/04,週末,
2026/10/09,國慶日,
2026/10/10,國慶日,
2026/10/10,週末,
2026/10/11,週末,
2026/10/17,週末,
2026/10/18,週末,
2026/10/24,週末,
2026/10/25,臺灣光復暨金門古寧頭大捷紀念日,
2026/10/25,週末,
2026/10/26,臺灣光復暨金門古寧頭大捷紀念日,
2026/10/31,週末,
2026/11/01,週末,
2026/11/07,週末,
2026/11/08,週末,
2026/11/14,週末,
2026/11/15,週末,
2026/11/21,週末,
2026/11/22,週末,
2026/11/28,週末,
2026/11/29,週末,
2026/12/05,週末,
2026/12/06,週末,
2026/12/12,週末,
2026/12/13,週末,
2026/12/19,週末,
2026/12/20,週末,
2026/12/25,行憲紀念日,
2026/12/26,週末,
2026/12/27,週末,
